0 verbose cli C:\Program Files\nodejs\node.exe C:\Users\hp\AppData\Roaming\npm\node_modules\npm\bin\npm-cli.js
1 info using npm@11.6.1
2 info using node@v22.16.0
3 silly config load:file:C:\Users\hp\AppData\Roaming\npm\node_modules\npm\npmrc
4 silly config load:file:C:\Users\hp\Desktop\projects\chat-app\frontend\.npmrc
5 silly config load:file:C:\Users\hp\.npmrc
6 silly config load:file:C:\Users\hp\AppData\Roaming\npm\etc\npmrc
7 verbose title npm install
8 verbose argv "install"
9 verbose logfile logs-max:10 dir:C:\Users\hp\Desktop\projects\chat-app\frontend\UsershpAppDataLocalTempnpm-cache\_logs\2026-01-03T19_37_11_600Z-
10 verbose logfile C:\Users\hp\Desktop\projects\chat-app\frontend\UsershpAppDataLocalTempnpm-cache\_logs\2026-01-03T19_37_11_600Z-debug-0.log
11 silly logfile done cleaning log files
12 silly packumentCache heap:2197815296 maxSize:549453824 maxEntrySize:274726912
13 silly idealTree buildDeps
14 silly fetch manifest axios@^1.6.2
15 silly packumentCache full:https://registry.npmjs.org/axios cache-miss
16 http fetch GET 200 https://registry.npmjs.org/npm 363ms
17 http fetch GET 200 https://registry.npmjs.org/axios 324ms (cache miss)
18 silly packumentCache full:https://registry.npmjs.org/axios set size:undefined disposed:false
19 silly fetch manifest react@^18.2.0
20 silly packumentCache full:https://registry.npmjs.org/react cache-miss
21 http fetch GET 200 https://registry.npmjs.org/react 309ms (cache miss)
22 silly packumentCache full:https://registry.npmjs.org/react set size:undefined disposed:false
23 silly fetch manifest react-dom@^18.2.0
24 silly packumentCache full:https://registry.npmjs.org/react-dom cache-miss
25 http fetch GET 200 https://registry.npmjs.org/react-dom 314ms (cache miss)
26 silly packumentCache full:https://registry.npmjs.org/react-dom set size:undefined disposed:false
27 silly fetch manifest react-router-dom@^6.21.1
28 silly packumentCache full:https://registry.npmjs.org/react-router-dom cache-miss
29 http fetch GET 200 https://registry.npmjs.org/react-router-dom 567ms (cache miss)
30 silly packumentCache full:https://registry.npmjs.org/react-router-dom set size:undefined disposed:false
31 silly fetch manifest socket.io-client@^4.6.1
32 silly packumentCache full:https://registry.npmjs.org/socket.io-client cache-miss
33 http fetch GET 200 https://registry.npmjs.org/socket.io-client 399ms (cache miss)
34 silly packumentCache full:https://registry.npmjs.org/socket.io-client set size:undefined disposed:false
35 silly fetch manifest @types/react@^18.2.43
36 silly packumentCache full:https://registry.npmjs.org/@types%2freact cache-miss
37 http fetch GET 200 https://registry.npmjs.org/@types%2freact 202ms (cache miss)
38 silly packumentCache full:https://registry.npmjs.org/@types%2freact set size:undefined disposed:false
39 silly fetch manifest @types/react-dom@^18.2.17
40 silly packumentCache full:https://registry.npmjs.org/@types%2freact-dom cache-miss
41 http fetch GET 200 https://registry.npmjs.org/@types%2freact-dom 138ms (cache miss)
42 silly packumentCache full:https://registry.npmjs.org/@types%2freact-dom set size:undefined disposed:false
43 silly fetch manifest @vitejs/plugin-react@^4.2.1
44 silly packumentCache full:https://registry.npmjs.org/@vitejs%2fplugin-react cache-miss
45 http fetch GET 200 https://registry.npmjs.org/@vitejs%2fplugin-react 1172ms (cache miss)
46 silly packumentCache full:https://registry.npmjs.org/@vitejs%2fplugin-react set size:undefined disposed:false
47 silly fetch manifest vite@^5.0.10
48 silly packumentCache full:https://registry.npmjs.org/vite cache-miss
49 http fetch GET 200 https://registry.npmjs.org/vite 1135ms (cache miss)
50 silly packumentCache full:https://registry.npmjs.org/vite set size:undefined disposed:false
51 silly fetch manifest @types/node@^18.0.0 || >=20.0.0
52 silly packumentCache full:https://registry.npmjs.org/@types%2fnode cache-miss
53 http fetch GET 200 https://registry.npmjs.org/@types%2fnode 288ms (cache miss)
54 silly packumentCache full:https://registry.npmjs.org/@types%2fnode set size:undefined disposed:false
55 silly fetch manifest less@*
56 silly packumentCache full:https://registry.npmjs.org/less cache-miss
57 http fetch GET 200 https://registry.npmjs.org/less 97ms (cache miss)
58 silly packumentCache full:https://registry.npmjs.org/less set size:undefined disposed:false
59 silly fetch manifest lightningcss@^1.21.0
60 silly packumentCache full:https://registry.npmjs.org/lightningcss cache-miss
61 http fetch GET 200 https://registry.npmjs.org/lightningcss 350ms (cache miss)
62 silly packumentCache full:https://registry.npmjs.org/lightningcss set size:undefined disposed:false
63 silly fetch manifest sass@*
64 silly packumentCache full:https://registry.npmjs.org/sass cache-miss
65 http fetch GET 200 https://registry.npmjs.org/sass 72ms (cache miss)
66 silly packumentCache full:https://registry.npmjs.org/sass set size:undefined disposed:false
67 silly fetch manifest sass-embedded@*
68 silly packumentCache full:https://registry.npmjs.org/sass-embedded cache-miss
69 http fetch GET 200 https://registry.npmjs.org/sass-embedded 165ms (cache miss)
70 silly packumentCache full:https://registry.npmjs.org/sass-embedded set size:undefined disposed:false
71 silly fetch manifest stylus@*
72 silly packumentCache full:https://registry.npmjs.org/stylus cache-miss
73 http fetch GET 200 https://registry.npmjs.org/stylus 72ms (cache miss)
74 silly packumentCache full:https://registry.npmjs.org/stylus set size:undefined disposed:false
75 silly fetch manifest sugarss@*
76 silly packumentCache full:https://registry.npmjs.org/sugarss cache-miss
77 http fetch GET 200 https://registry.npmjs.org/sugarss 396ms (cache miss)
78 silly packumentCache full:https://registry.npmjs.org/sugarss set size:undefined disposed:false
79 silly fetch manifest postcss@^8.4.32
80 silly packumentCache full:https://registry.npmjs.org/postcss cache-miss
81 http fetch GET 200 https://registry.npmjs.org/postcss 88ms (cache miss)
82 silly packumentCache full:https://registry.npmjs.org/postcss set size:undefined disposed:false
83 silly fetch manifest terser@^5.4.0
84 silly packumentCache full:https://registry.npmjs.org/terser cache-miss
85 http fetch GET 200 https://registry.npmjs.org/terser 95ms (cache miss)
86 silly packumentCache full:https://registry.npmjs.org/terser set size:undefined disposed:false
87 silly fetch manifest autoprefixer@^10.4.16
88 silly packumentCache full:https://registry.npmjs.org/autoprefixer cache-miss
89 http fetch GET 200 https://registry.npmjs.org/autoprefixer 77ms (cache miss)
90 silly packumentCache full:https://registry.npmjs.org/autoprefixer set size:undefined disposed:false
91 silly fetch manifest tailwindcss@^3.4.0
92 silly packumentCache full:https://registry.npmjs.org/tailwindcss cache-miss
93 http fetch GET 200 https://registry.npmjs.org/tailwindcss 403ms (cache miss)
94 silly packumentCache full:https://registry.npmjs.org/tailwindcss set size:undefined disposed:false
95 silly placeDep ROOT @types/react@18.3.27 OK for: chat-app-frontend@1.0.0 want: ^18.2.43
96 silly placeDep ROOT @types/react-dom@18.3.7 OK for: chat-app-frontend@1.0.0 want: ^18.2.17
97 silly placeDep ROOT @vitejs/plugin-react@4.7.0 OK for: chat-app-frontend@1.0.0 want: ^4.2.1
98 silly placeDep ROOT vite@5.4.21 OK for: @vitejs/plugin-react@4.7.0 want: ^4.2.0 || ^5.0.0 || ^6.0.0 || ^7.0.0
99 silly placeDep ROOT autoprefixer@10.4.23 OK for: chat-app-frontend@1.0.0 want: ^10.4.16
100 silly placeDep ROOT postcss@8.5.6 OK for: autoprefixer@10.4.23 want: ^8.1.0
101 silly placeDep ROOT axios@1.13.2 OK for: chat-app-frontend@1.0.0 want: ^1.6.2
102 silly placeDep ROOT react@18.3.1 OK for: chat-app-frontend@1.0.0 want: ^18.2.0
103 silly placeDep ROOT react-dom@18.3.1 OK for: chat-app-frontend@1.0.0 want: ^18.2.0
104 silly placeDep ROOT react-router-dom@6.30.2 OK for: chat-app-frontend@1.0.0 want: ^6.21.1
105 silly placeDep ROOT socket.io-client@4.8.3 OK for: chat-app-frontend@1.0.0 want: ^4.6.1
106 silly placeDep ROOT tailwindcss@3.4.19 OK for: chat-app-frontend@1.0.0 want: ^3.4.0
107 silly fetch manifest csstype@^3.2.2
108 silly packumentCache full:https://registry.npmjs.org/csstype cache-miss
109 silly fetch manifest @types/prop-types@*
110 silly packumentCache full:https://registry.npmjs.org/@types%2fprop-types cache-miss
111 silly fetch manifest @babel/core@^7.28.0
112 silly packumentCache full:https://registry.npmjs.org/@babel%2fcore cache-miss
113 silly fetch manifest react-refresh@^0.17.0
114 silly packumentCache full:https://registry.npmjs.org/react-refresh cache-miss
115 silly fetch manifest @types/babel__core@^7.20.5
116 silly packumentCache full:https://registry.npmjs.org/@types%2fbabel__core cache-miss
117 silly fetch manifest @rolldown/pluginutils@1.0.0-beta.27
118 silly packumentCache full:https://registry.npmjs.org/@rolldown%2fpluginutils cache-miss
119 silly fetch manifest @babel/plugin-transform-react-jsx-self@^7.27.1
120 silly packumentCache full:https://registry.npmjs.org/@babel%2fplugin-transform-react-jsx-self cache-miss
121 http fetch GET 200 https://registry.npmjs.org/@types%2fprop-types 147ms (cache miss)
122 silly packumentCache full:https://registry.npmjs.org/@types%2fprop-types set size:undefined disposed:false
123 silly fetch manifest @babel/plugin-transform-react-jsx-source@^7.27.1
124 silly packumentCache full:https://registry.npmjs.org/@babel%2fplugin-transform-react-jsx-source cache-miss
125 http fetch GET 200 https://registry.npmjs.org/csstype 176ms (cache miss)
126 silly packumentCache full:https://registry.npmjs.org/csstype set size:undefined disposed:false
127 silly fetch manifest rollup@^4.20.0
128 silly packumentCache full:https://registry.npmjs.org/rollup cache-miss
129 http fetch GET 200 https://registry.npmjs.org/@babel%2fplugin-transform-react-jsx-self 228ms (cache miss)
130 silly packumentCache full:https://registry.npmjs.org/@babel%2fplugin-transform-react-jsx-self set size:undefined disposed:false
131 silly fetch manifest esbuild@^0.21.3
132 silly packumentCache full:https://registry.npmjs.org/esbuild cache-miss
133 http fetch GET 200 https://registry.npmjs.org/@babel%2fplugin-transform-react-jsx-source 104ms (cache miss)
134 silly packumentCache full:https://registry.npmjs.org/@babel%2fplugin-transform-react-jsx-source set size:undefined disposed:false
135 silly fetch manifest postcss@^8.4.43
136 silly packumentCache full:https://registry.npmjs.org/postcss cache-miss
137 http fetch GET 200 https://registry.npmjs.org/@types%2fbabel__core 265ms (cache miss)
138 silly packumentCache full:https://registry.npmjs.org/@types%2fbabel__core set size:undefined disposed:false
139 silly fetch manifest fsevents@~2.3.3
140 silly packumentCache full:https://registry.npmjs.org/fsevents cache-miss
141 http cache https://registry.npmjs.org/postcss 26ms (cache hit)
142 silly packumentCache full:https://registry.npmjs.org/postcss set size:696248 disposed:false
143 silly fetch manifest browserslist@^4.28.1
144 silly packumentCache full:https://registry.npmjs.org/browserslist cache-miss
145 http fetch GET 200 https://registry.npmjs.org/react-refresh 341ms (cache miss)
146 silly packumentCache full:https://registry.npmjs.org/react-refresh set size:undefined disposed:false
147 silly fetch manifest caniuse-lite@^1.0.30001760
148 silly packumentCache full:https://registry.npmjs.org/caniuse-lite cache-miss
149 http fetch GET 200 https://registry.npmjs.org/fsevents 149ms (cache miss)
150 silly packumentCache full:https://registry.npmjs.org/fsevents set size:undefined disposed:false
151 silly fetch manifest fraction.js@^5.3.4
152 silly packumentCache full:https://registry.npmjs.org/fraction.js cache-miss
153 http fetch GET 200 https://registry.npmjs.org/rollup 250ms (cache miss)
154 silly packumentCache full:https://registry.npmjs.org/rollup set size:undefined disposed:false
155 silly fetch manifest picocolors@^1.1.1
156 silly packumentCache full:https://registry.npmjs.org/picocolors cache-miss
157 http fetch GET 200 https://registry.npmjs.org/browserslist 236ms (cache miss)
158 silly packumentCache full:https://registry.npmjs.org/browserslist set size:undefined disposed:false
159 silly fetch manifest postcss-value-parser@^4.2.0
160 silly packumentCache full:https://registry.npmjs.org/postcss-value-parser cache-miss
161 http fetch GET 200 https://registry.npmjs.org/esbuild 334ms (cache miss)
162 silly packumentCache full:https://registry.npmjs.org/esbuild set size:undefined disposed:false
163 silly fetch manifest nanoid@^3.3.11
164 silly packumentCache full:https://registry.npmjs.org/nanoid cache-miss
165 http fetch GET 200 https://registry.npmjs.org/fraction.js 189ms (cache miss)
166 silly packumentCache full:https://registry.npmjs.org/fraction.js set size:undefined disposed:false
167 silly fetch manifest picocolors@^1.1.1
168 silly packumentCache full:https://registry.npmjs.org/picocolors cache-miss
169 http fetch GET 200 https://registry.npmjs.org/postcss-value-parser 77ms (cache miss)
170 silly packumentCache full:https://registry.npmjs.org/postcss-value-parser set size:undefined disposed:false
171 silly fetch manifest source-map-js@^1.2.1
172 silly packumentCache full:https://registry.npmjs.org/source-map-js cache-miss
173 http fetch GET 200 https://registry.npmjs.org/@babel%2fcore 640ms (cache miss)
174 silly packumentCache full:https://registry.npmjs.org/@babel%2fcore set size:undefined disposed:false
175 silly fetch manifest follow-redirects@^1.15.6
176 silly packumentCache full:https://registry.npmjs.org/follow-redirects cache-miss
177 http fetch GET 200 https://registry.npmjs.org/@rolldown%2fpluginutils 648ms (cache miss)
178 silly packumentCache full:https://registry.npmjs.org/@rolldown%2fpluginutils set size:undefined disposed:false
179 silly fetch manifest form-data@^4.0.4
180 silly packumentCache full:https://registry.npmjs.org/form-data cache-miss
181 http fetch GET 200 https://registry.npmjs.org/caniuse-lite 275ms (cache miss)
182 silly packumentCache full:https://registry.npmjs.org/caniuse-lite set size:undefined disposed:false
183 silly fetch manifest proxy-from-env@^1.1.0
184 silly packumentCache full:https://registry.npmjs.org/proxy-from-env cache-miss
185 http fetch GET 200 https://registry.npmjs.org/nanoid 123ms (cache miss)
186 silly packumentCache full:https://registry.npmjs.org/nanoid set size:undefined disposed:false
187 silly fetch manifest loose-envify@^1.1.0
188 silly packumentCache full:https://registry.npmjs.org/loose-envify cache-miss
189 http fetch GET 200 https://registry.npmjs.org/source-map-js 114ms (cache miss)
190 silly packumentCache full:https://registry.npmjs.org/source-map-js set size:undefined disposed:false
191 silly fetch manifest scheduler@^0.23.2
192 silly packumentCache full:https://registry.npmjs.org/scheduler cache-miss
193 http fetch GET 200 https://registry.npmjs.org/proxy-from-env 75ms (cache miss)
194 silly packumentCache full:https://registry.npmjs.org/proxy-from-env set size:undefined disposed:false
195 silly fetch manifest loose-envify@^1.1.0
196 silly packumentCache full:https://registry.npmjs.org/loose-envify cache-miss
197 http fetch GET 200 https://registry.npmjs.org/form-data 98ms (cache miss)
198 silly packumentCache full:https://registry.npmjs.org/form-data set size:undefined disposed:false
199 silly fetch manifest react-router@6.30.2
200 silly packumentCache full:https://registry.npmjs.org/react-router cache-miss
201 http fetch GET 200 https://registry.npmjs.org/follow-redirects 129ms (cache miss)
202 silly packumentCache full:https://registry.npmjs.org/follow-redirects set size:undefined disposed:false
203 silly fetch manifest @remix-run/router@1.23.1
204 silly packumentCache full:https://registry.npmjs.org/@remix-run%2frouter cache-miss
205 http fetch GET 200 https://registry.npmjs.org/picocolors 346ms (cache miss)
206 silly packumentCache full:https://registry.npmjs.org/picocolors set size:undefined disposed:false
207 silly fetch manifest @socket.io/component-emitter@~3.1.0
208 silly packumentCache full:https://registry.npmjs.org/@socket.io%2fcomponent-emitter cache-miss
209 http fetch GET 200 https://registry.npmjs.org/loose-envify 84ms (cache miss)
210 silly packumentCache full:https://registry.npmjs.org/loose-envify set size:undefined disposed:false
211 silly fetch manifest debug@~4.4.1
212 silly packumentCache full:https://registry.npmjs.org/debug cache-miss
213 http fetch GET 200 https://registry.npmjs.org/picocolors 229ms (cache miss)
214 silly packumentCache full:https://registry.npmjs.org/picocolors set size:undefined disposed:false
215 silly fetch manifest engine.io-client@~6.6.1
216 silly packumentCache full:https://registry.npmjs.org/engine.io-client cache-miss
217 http fetch GET 200 https://registry.npmjs.org/loose-envify 131ms (cache miss)
218 silly packumentCache full:https://registry.npmjs.org/loose-envify set size:undefined disposed:false
219 silly fetch manifest socket.io-parser@~4.2.4
220 silly packumentCache full:https://registry.npmjs.org/socket.io-parser cache-miss
221 http fetch GET 200 https://registry.npmjs.org/debug 95ms (cache miss)
222 silly packumentCache full:https://registry.npmjs.org/debug set size:undefined disposed:false
223 silly fetch manifest arg@^5.0.2
224 silly packumentCache full:https://registry.npmjs.org/arg cache-miss
225 http fetch GET 200 https://registry.npmjs.org/socket.io-parser 126ms (cache miss)
226 silly packumentCache full:https://registry.npmjs.org/socket.io-parser set size:undefined disposed:false
227 silly fetch manifest dlv@^1.1.3
228 silly packumentCache full:https://registry.npmjs.org/dlv cache-miss
229 http fetch GET 200 https://registry.npmjs.org/arg 68ms (cache miss)
230 silly packumentCache full:https://registry.npmjs.org/arg set size:undefined disposed:false
231 silly fetch manifest jiti@^1.21.7
232 silly packumentCache full:https://registry.npmjs.org/jiti cache-miss
233 http fetch GET 200 https://registry.npmjs.org/react-router 277ms (cache miss)
234 silly packumentCache full:https://registry.npmjs.org/react-router set size:undefined disposed:false
235 silly fetch manifest is-glob@^4.0.3
236 silly packumentCache full:https://registry.npmjs.org/is-glob cache-miss
237 http fetch GET 200 https://registry.npmjs.org/scheduler 338ms (cache miss)
238 silly packumentCache full:https://registry.npmjs.org/scheduler set size:undefined disposed:false
239 silly fetch manifest resolve@^1.22.8
240 silly packumentCache full:https://registry.npmjs.org/resolve cache-miss
241 http fetch GET 200 https://registry.npmjs.org/resolve 77ms (cache miss)
242 silly packumentCache full:https://registry.npmjs.org/resolve set size:undefined disposed:false
243 silly fetch manifest sucrase@^3.35.0
244 silly packumentCache full:https://registry.npmjs.org/sucrase cache-miss
245 http fetch GET 200 https://registry.npmjs.org/engine.io-client 388ms (cache miss)
246 silly packumentCache full:https://registry.npmjs.org/engine.io-client set size:undefined disposed:false
247 silly fetch manifest chokidar@^3.6.0
248 silly packumentCache full:https://registry.npmjs.org/chokidar cache-miss
249 http fetch GET 200 https://registry.npmjs.org/sucrase 87ms (cache miss)
250 silly packumentCache full:https://registry.npmjs.org/sucrase set size:undefined disposed:false
251 silly fetch manifest fast-glob@^3.3.2
252 silly packumentCache full:https://registry.npmjs.org/fast-glob cache-miss
253 http fetch GET 200 https://registry.npmjs.org/chokidar 93ms (cache miss)
254 silly packumentCache full:https://registry.npmjs.org/chokidar set size:undefined disposed:false
255 silly fetch manifest lilconfig@^3.1.3
256 silly packumentCache full:https://registry.npmjs.org/lilconfig cache-miss
257 http fetch GET 200 https://registry.npmjs.org/dlv 345ms (cache miss)
258 silly packumentCache full:https://registry.npmjs.org/dlv set size:undefined disposed:false
259 silly fetch manifest didyoumean@^1.2.2
260 silly packumentCache full:https://registry.npmjs.org/didyoumean cache-miss
261 http fetch GET 200 https://registry.npmjs.org/fast-glob 73ms (cache miss)
262 silly packumentCache full:https://registry.npmjs.org/fast-glob set size:undefined disposed:false
263 silly fetch manifest micromatch@^4.0.8
264 silly packumentCache full:https://registry.npmjs.org/micromatch cache-miss
265 http fetch GET 200 https://registry.npmjs.org/jiti 379ms (cache miss)
266 silly packumentCache full:https://registry.npmjs.org/jiti set size:undefined disposed:false
267 silly fetch manifest postcss-js@^4.0.1
268 silly packumentCache full:https://registry.npmjs.org/postcss-js cache-miss
269 http fetch GET 200 https://registry.npmjs.org/lilconfig 60ms (cache miss)
270 silly packumentCache full:https://registry.npmjs.org/lilconfig set size:undefined disposed:false
271 silly fetch manifest glob-parent@^6.0.2
272 silly packumentCache full:https://registry.npmjs.org/glob-parent cache-miss
273 http fetch GET 200 https://registry.npmjs.org/is-glob 354ms (cache miss)
274 silly packumentCache full:https://registry.npmjs.org/is-glob set size:undefined disposed:false
275 silly fetch manifest object-hash@^3.0.0
276 silly packumentCache full:https://registry.npmjs.org/object-hash cache-miss
277 http fetch GET 200 https://registry.npmjs.org/glob-parent 64ms (cache miss)
278 silly packumentCache full:https://registry.npmjs.org/glob-parent set size:undefined disposed:false
279 silly fetch manifest normalize-path@^3.0.0
280 silly packumentCache full:https://registry.npmjs.org/normalize-path cache-miss
281 http fetch GET 200 https://registry.npmjs.org/postcss-js 145ms (cache miss)
282 silly packumentCache full:https://registry.npmjs.org/postcss-js set size:undefined disposed:false
283 silly fetch manifest postcss-import@^15.1.0
284 silly packumentCache full:https://registry.npmjs.org/postcss-import cache-miss
285 http fetch GET 200 https://registry.npmjs.org/object-hash 135ms (cache miss)
286 silly packumentCache full:https://registry.npmjs.org/object-hash set size:undefined disposed:false
287 silly fetch manifest postcss-nested@^6.2.0
288 silly packumentCache full:https://registry.npmjs.org/postcss-nested cache-miss
289 http fetch GET 200 https://registry.npmjs.org/normalize-path 96ms (cache miss)
290 silly packumentCache full:https://registry.npmjs.org/normalize-path set size:undefined disposed:false
291 silly fetch manifest @alloc/quick-lru@^5.2.0
292 silly packumentCache full:https://registry.npmjs.org/@alloc%2fquick-lru cache-miss
293 http fetch GET 200 https://registry.npmjs.org/postcss-import 90ms (cache miss)
294 silly packumentCache full:https://registry.npmjs.org/postcss-import set size:undefined disposed:false
295 silly fetch manifest postcss-load-config@^4.0.2 || ^5.0 || ^6.0
296 silly packumentCache full:https://registry.npmjs.org/postcss-load-config cache-miss
297 http fetch GET 200 https://registry.npmjs.org/@socket.io%2fcomponent-emitter 819ms (cache miss)
298 silly packumentCache full:https://registry.npmjs.org/@socket.io%2fcomponent-emitter set size:undefined disposed:false
299 silly fetch manifest postcss-selector-parser@^6.1.2
300 silly packumentCache full:https://registry.npmjs.org/postcss-selector-parser cache-miss
301 http fetch GET 200 https://registry.npmjs.org/postcss-nested 105ms (cache miss)
302 silly packumentCache full:https://registry.npmjs.org/postcss-nested set size:undefined disposed:false
303 http fetch GET 200 https://registry.npmjs.org/didyoumean 375ms (cache miss)
304 silly packumentCache full:https://registry.npmjs.org/didyoumean set size:undefined disposed:false
305 http fetch GET 200 https://registry.npmjs.org/postcss-load-config 82ms (cache miss)
306 silly packumentCache full:https://registry.npmjs.org/postcss-load-config set size:undefined disposed:false
307 http fetch GET 200 https://registry.npmjs.org/postcss-selector-parser 75ms (cache miss)
308 silly packumentCache full:https://registry.npmjs.org/postcss-selector-parser set size:undefined disposed:false
309 http fetch GET 200 https://registry.npmjs.org/@alloc%2fquick-lru 543ms (cache miss)
310 silly packumentCache full:https://registry.npmjs.org/@alloc%2fquick-lru set size:undefined disposed:false
311 http fetch GET 200 https://registry.npmjs.org/@remix-run%2frouter 1407ms (cache miss)
312 silly packumentCache full:https://registry.npmjs.org/@remix-run%2frouter set size:undefined disposed:false
313 http fetch GET 200 https://registry.npmjs.org/micromatch 908ms (cache miss)
314 silly packumentCache full:https://registry.npmjs.org/micromatch set size:undefined disposed:false
315 silly placeDep ROOT @types/prop-types@15.7.15 OK for: @types/react@18.3.27 want: *
316 silly placeDep ROOT csstype@3.2.3 OK for: @types/react@18.3.27 want: ^3.2.2
317 silly placeDep ROOT @babel/core@7.28.5 OK for: @vitejs/plugin-react@4.7.0 want: ^7.28.0
318 silly placeDep ROOT @babel/plugin-transform-react-jsx-self@7.27.1 OK for: @vitejs/plugin-react@4.7.0 want: ^7.27.1
319 silly placeDep ROOT @babel/plugin-transform-react-jsx-source@7.27.1 OK for: @vitejs/plugin-react@4.7.0 want: ^7.27.1
320 silly placeDep ROOT @rolldown/pluginutils@1.0.0-beta.27 OK for: @vitejs/plugin-react@4.7.0 want: 1.0.0-beta.27
321 silly placeDep ROOT @types/babel__core@7.20.5 OK for: @vitejs/plugin-react@4.7.0 want: ^7.20.5
322 silly placeDep ROOT react-refresh@0.17.0 OK for: @vitejs/plugin-react@4.7.0 want: ^0.17.0
323 silly fetch manifest @babel/code-frame@^7.27.1
324 silly packumentCache full:https://registry.npmjs.org/@babel%2fcode-frame cache-miss
325 silly fetch manifest @babel/generator@^7.28.5
326 silly packumentCache full:https://registry.npmjs.org/@babel%2fgenerator cache-miss
327 silly fetch manifest @babel/helper-compilation-targets@^7.27.2
328 silly packumentCache full:https://registry.npmjs.org/@babel%2fhelper-compilation-targets cache-miss
329 silly fetch manifest @babel/helper-module-transforms@^7.28.3
330 silly packumentCache full:https://registry.npmjs.org/@babel%2fhelper-module-transforms cache-miss
331 silly fetch manifest @babel/helpers@^7.28.4
332 silly packumentCache full:https://registry.npmjs.org/@babel%2fhelpers cache-miss
333 silly fetch manifest @babel/parser@^7.28.5
334 silly packumentCache full:https://registry.npmjs.org/@babel%2fparser cache-miss
335 silly fetch manifest @babel/template@^7.27.2
336 silly packumentCache full:https://registry.npmjs.org/@babel%2ftemplate cache-miss
337 http fetch GET 200 https://registry.npmjs.org/@babel%2ftemplate 91ms (cache miss)
338 silly packumentCache full:https://registry.npmjs.org/@babel%2ftemplate set size:undefined disposed:false
339 silly fetch manifest @babel/traverse@^7.28.5
340 silly packumentCache full:https://registry.npmjs.org/@babel%2ftraverse cache-miss
341 http fetch GET 200 https://registry.npmjs.org/@babel%2fhelper-compilation-targets 119ms (cache miss)
342 silly packumentCache full:https://registry.npmjs.org/@babel%2fhelper-compilation-targets set size:undefined disposed:false
343 silly fetch manifest @babel/types@^7.28.5
344 silly packumentCache full:https://registry.npmjs.org/@babel%2ftypes cache-miss
345 http fetch GET 200 https://registry.npmjs.org/@babel%2fhelpers 125ms (cache miss)
346 silly packumentCache full:https://registry.npmjs.org/@babel%2fhelpers set size:undefined disposed:false
347 silly fetch manifest @jridgewell/remapping@^2.3.5
348 silly packumentCache full:https://registry.npmjs.org/@jridgewell%2fremapping cache-miss
349 http fetch GET 200 https://registry.npmjs.org/@babel%2fparser 136ms (cache miss)
350 silly packumentCache full:https://registry.npmjs.org/@babel%2fparser set size:undefined disposed:false
351 silly fetch manifest convert-source-map@^2.0.0
352 silly packumentCache full:https://registry.npmjs.org/convert-source-map cache-miss
353 http fetch GET 200 https://registry.npmjs.org/convert-source-map 77ms (cache miss)
354 silly packumentCache full:https://registry.npmjs.org/convert-source-map set size:undefined disposed:false
355 silly fetch manifest debug@^4.1.0
356 silly packumentCache full:https://registry.npmjs.org/debug cache-miss
357 http fetch GET 200 https://registry.npmjs.org/@babel%2ftypes 109ms (cache miss)
358 silly packumentCache full:https://registry.npmjs.org/@babel%2ftypes set size:undefined disposed:false
359 silly fetch manifest gensync@^1.0.0-beta.2
360 silly packumentCache full:https://registry.npmjs.org/gensync cache-miss
361 http cache https://registry.npmjs.org/debug 12ms (cache hit)
362 silly packumentCache full:https://registry.npmjs.org/debug set size:195840 disposed:false
363 silly fetch manifest json5@^2.2.3
364 silly packumentCache full:https://registry.npmjs.org/json5 cache-miss
365 http fetch GET 200 https://registry.npmjs.org/json5 66ms (cache miss)
366 silly packumentCache full:https://registry.npmjs.org/json5 set size:undefined disposed:false
367 silly fetch manifest semver@^6.3.1
368 silly packumentCache full:https://registry.npmjs.org/semver cache-miss
369 http fetch GET 200 https://registry.npmjs.org/gensync 86ms (cache miss)
370 silly packumentCache full:https://registry.npmjs.org/gensync set size:undefined disposed:false
371 silly fetch manifest @babel/helper-plugin-utils@^7.27.1
372 silly packumentCache full:https://registry.npmjs.org/@babel%2fhelper-plugin-utils cache-miss
373 http fetch GET 200 https://registry.npmjs.org/@babel%2fcode-frame 357ms (cache miss)
374 silly packumentCache full:https://registry.npmjs.org/@babel%2fcode-frame set size:undefined disposed:false
375 silly fetch manifest @babel/helper-plugin-utils@^7.27.1
376 silly packumentCache full:https://registry.npmjs.org/@babel%2fhelper-plugin-utils cache-miss
377 http fetch GET 200 https://registry.npmjs.org/semver 61ms (cache miss)
378 silly packumentCache full:https://registry.npmjs.org/semver set size:undefined disposed:false
379 silly fetch manifest @babel/types@^7.20.7
380 silly packumentCache full:https://registry.npmjs.org/@babel%2ftypes cache-miss
381 http fetch GET 200 https://registry.npmjs.org/@babel%2fgenerator 381ms (cache miss)
382 silly packumentCache full:https://registry.npmjs.org/@babel%2fgenerator set size:undefined disposed:false
383 silly fetch manifest @babel/parser@^7.20.7
384 silly packumentCache full:https://registry.npmjs.org/@babel%2fparser cache-miss
385 http cache https://registry.npmjs.org/@babel%2ftypes 18ms (cache hit)
386 silly packumentCache full:https://registry.npmjs.org/@babel%2ftypes set size:475698 disposed:false
387 silly fetch manifest @types/babel__template@*
388 silly packumentCache full:https://registry.npmjs.org/@types%2fbabel__template cache-miss
389 http cache https://registry.npmjs.org/@babel%2fparser 19ms (cache hit)
390 silly packumentCache full:https://registry.npmjs.org/@babel%2fparser set size:702781 disposed:false
391 silly fetch manifest @types/babel__traverse@*
392 silly packumentCache full:https://registry.npmjs.org/@types%2fbabel__traverse cache-miss
393 http fetch GET 200 https://registry.npmjs.org/@babel%2fhelper-plugin-utils 100ms (cache miss)
394 silly packumentCache full:https://registry.npmjs.org/@babel%2fhelper-plugin-utils set size:undefined disposed:false
395 silly fetch manifest @types/babel__generator@*
396 silly packumentCache full:https://registry.npmjs.org/@types%2fbabel__generator cache-miss
397 http fetch GET 200 https://registry.npmjs.org/@babel%2fhelper-plugin-utils 97ms (cache miss)
398 silly packumentCache full:https://registry.npmjs.org/@babel%2fhelper-plugin-utils set size:undefined disposed:false
399 http fetch GET 200 https://registry.npmjs.org/@types%2fbabel__template 102ms (cache miss)
400 silly packumentCache full:https://registry.npmjs.org/@types%2fbabel__template set size:undefined disposed:false
401 http fetch GET 200 https://registry.npmjs.org/@types%2fbabel__generator 87ms (cache miss)
402 silly packumentCache full:https://registry.npmjs.org/@types%2fbabel__generator set size:undefined disposed:false
403 http fetch GET 200 https://registry.npmjs.org/@types%2fbabel__traverse 183ms (cache miss)
404 silly packumentCache full:https://registry.npmjs.org/@types%2fbabel__traverse set size:undefined disposed:false
405 http fetch GET 200 https://registry.npmjs.org/@jridgewell%2fremapping 495ms (cache miss)
406 silly packumentCache full:https://registry.npmjs.org/@jridgewell%2fremapping set size:undefined disposed:false
407 http fetch GET 200 https://registry.npmjs.org/@babel%2fhelper-module-transforms 681ms (cache miss)
408 silly packumentCache full:https://registry.npmjs.org/@babel%2fhelper-module-transforms set size:undefined disposed:false
409 http fetch GET 200 https://registry.npmjs.org/@babel%2ftraverse 669ms (cache miss)
410 silly packumentCache full:https://registry.npmjs.org/@babel%2ftraverse set size:undefined disposed:false
411 silly fetch manifest @babel/core@^7.0.0
412 silly packumentCache full:https://registry.npmjs.org/@babel%2fcore cache-miss
413 http cache https://registry.npmjs.org/@babel%2fcore 6ms (cache hit)
414 silly packumentCache full:https://registry.npmjs.org/@babel%2fcore set size:738278 disposed:false
415 silly placeDep ROOT @babel/code-frame@7.27.1 OK for: @babel/core@7.28.5 want: ^7.27.1
416 silly placeDep ROOT @babel/generator@7.28.5 OK for: @babel/core@7.28.5 want: ^7.28.5
417 silly placeDep ROOT @babel/helper-compilation-targets@7.27.2 OK for: @babel/core@7.28.5 want: ^7.27.2
418 silly placeDep ROOT @babel/helper-module-transforms@7.28.3 OK for: @babel/core@7.28.5 want: ^7.28.3
419 silly placeDep ROOT @babel/helpers@7.28.4 OK for: @babel/core@7.28.5 want: ^7.28.4
420 silly placeDep ROOT @babel/parser@7.28.5 OK for: @babel/core@7.28.5 want: ^7.28.5
421 silly placeDep ROOT @babel/template@7.27.2 OK for: @babel/core@7.28.5 want: ^7.27.2
422 silly placeDep ROOT @babel/traverse@7.28.5 OK for: @babel/core@7.28.5 want: ^7.28.5
423 silly placeDep ROOT @babel/types@7.28.5 OK for: @babel/core@7.28.5 want: ^7.28.5
424 silly placeDep ROOT @jridgewell/remapping@2.3.5 OK for: @babel/core@7.28.5 want: ^2.3.5
425 silly placeDep ROOT convert-source-map@2.0.0 OK for: @babel/core@7.28.5 want: ^2.0.0
426 silly placeDep ROOT debug@4.4.3 OK for: @babel/core@7.28.5 want: ^4.1.0
427 silly placeDep ROOT gensync@1.0.0-beta.2 OK for: @babel/core@7.28.5 want: ^1.0.0-beta.2
428 silly placeDep ROOT json5@2.2.3 OK for: @babel/core@7.28.5 want: ^2.2.3
429 silly placeDep ROOT semver@6.3.1 OK for: @babel/core@7.28.5 want: ^6.3.1
430 silly fetch manifest js-tokens@^4.0.0
431 silly packumentCache full:https://registry.npmjs.org/js-tokens cache-miss
432 silly fetch manifest @babel/helper-validator-identifier@^7.27.1
433 silly packumentCache full:https://registry.npmjs.org/@babel%2fhelper-validator-identifier cache-miss
434 silly fetch manifest @jridgewell/gen-mapping@^0.3.12
435 silly packumentCache full:https://registry.npmjs.org/@jridgewell%2fgen-mapping cache-miss
436 silly fetch manifest @jridgewell/trace-mapping@^0.3.28
437 silly packumentCache full:https://registry.npmjs.org/@jridgewell%2ftrace-mapping cache-miss
438 silly fetch manifest jsesc@^3.0.2
439 silly packumentCache full:https://registry.npmjs.org/jsesc cache-miss
440 silly fetch manifest lru-cache@^5.1.1
441 silly packumentCache full:https://registry.npmjs.org/lru-cache cache-miss
442 silly fetch manifest browserslist@^4.24.0
443 silly packumentCache full:https://registry.npmjs.org/browserslist cache-miss
444 http cache https://registry.npmjs.org/browserslist 11ms (cache hit)
445 silly packumentCache full:https://registry.npmjs.org/browserslist set size:502989 disposed:false
446 silly fetch manifest @babel/compat-data@^7.27.2
447 silly packumentCache full:https://registry.npmjs.org/@babel%2fcompat-data cache-miss
448 http fetch GET 200 https://registry.npmjs.org/js-tokens 63ms (cache miss)
449 silly packumentCache full:https://registry.npmjs.org/js-tokens set size:undefined disposed:false
450 silly fetch manifest @babel/helper-validator-option@^7.27.1
451 silly packumentCache full:https://registry.npmjs.org/@babel%2fhelper-validator-option cache-miss
452 http fetch GET 200 https://registry.npmjs.org/@babel%2fhelper-validator-identifier 142ms (cache miss)
453 silly packumentCache full:https://registry.npmjs.org/@babel%2fhelper-validator-identifier set size:undefined disposed:false
454 silly fetch manifest @babel/traverse@^7.28.3
455 silly packumentCache full:https://registry.npmjs.org/@babel%2ftraverse cache-miss
456 http fetch GET 200 https://registry.npmjs.org/lru-cache 149ms (cache miss)
457 silly packumentCache full:https://registry.npmjs.org/lru-cache set size:undefined disposed:false
458 silly fetch manifest @babel/helper-module-imports@^7.27.1
459 silly packumentCache full:https://registry.npmjs.org/@babel%2fhelper-module-imports cache-miss
460 http cache https://registry.npmjs.org/@babel%2ftraverse 60ms (cache hit)
461 silly packumentCache full:https://registry.npmjs.org/@babel%2ftraverse set size:535703 disposed:false
462 silly fetch manifest @babel/types@^7.28.4
463 silly packumentCache full:https://registry.npmjs.org/@babel%2ftypes cache-hit
464 silly fetch manifest @babel/types@^7.27.1
465 silly packumentCache full:https://registry.npmjs.org/@babel%2ftypes cache-hit
466 silly fetch manifest @babel/helper-globals@^7.28.0
467 silly packumentCache full:https://registry.npmjs.org/@babel%2fhelper-globals cache-miss
468 http fetch GET 200 https://registry.npmjs.org/@babel%2fhelper-validator-option 179ms (cache miss)
469 silly packumentCache full:https://registry.npmjs.org/@babel%2fhelper-validator-option set size:undefined disposed:false
470 silly fetch manifest debug@^4.3.1
471 silly packumentCache full:https://registry.npmjs.org/debug cache-hit
472 silly fetch manifest @babel/helper-string-parser@^7.27.1
473 silly packumentCache full:https://registry.npmjs.org/@babel%2fhelper-string-parser cache-miss
474 http fetch GET 200 https://registry.npmjs.org/@jridgewell%2ftrace-mapping 264ms (cache miss)
475 silly packumentCache full:https://registry.npmjs.org/@jridgewell%2ftrace-mapping set size:undefined disposed:false
476 silly fetch manifest @babel/helper-validator-identifier@^7.28.5
477 silly packumentCache full:https://registry.npmjs.org/@babel%2fhelper-validator-identifier cache-miss
478 http cache https://registry.npmjs.org/@babel%2fhelper-validator-identifier 5ms (cache hit)
479 silly packumentCache full:https://registry.npmjs.org/@babel%2fhelper-validator-identifier set size:108996 disposed:false
480 silly fetch manifest @jridgewell/gen-mapping@^0.3.5
481 silly packumentCache full:https://registry.npmjs.org/@jridgewell%2fgen-mapping cache-miss
482 http fetch GET 200 https://registry.npmjs.org/@babel%2fhelper-globals 85ms (cache miss)
483 silly packumentCache full:https://registry.npmjs.org/@babel%2fhelper-globals set size:undefined disposed:false
484 silly fetch manifest @jridgewell/trace-mapping@^0.3.24
485 silly packumentCache full:https://registry.npmjs.org/@jridgewell%2ftrace-mapping cache-miss
486 http cache https://registry.npmjs.org/@jridgewell%2ftrace-mapping 4ms (cache hit)
487 silly packumentCache full:https://registry.npmjs.org/@jridgewell%2ftrace-mapping set size:170909 disposed:false
488 silly fetch manifest ms@^2.1.3
489 silly packumentCache full:https://registry.npmjs.org/ms cache-miss
490 http fetch GET 200 https://registry.npmjs.org/@babel%2fhelper-string-parser 82ms (cache miss)
491 silly packumentCache full:https://registry.npmjs.org/@babel%2fhelper-string-parser set size:undefined disposed:false
492 http fetch GET 200 https://registry.npmjs.org/jsesc 360ms (cache miss)
493 silly packumentCache full:https://registry.npmjs.org/jsesc set size:undefined disposed:false
494 http fetch GET 200 https://registry.npmjs.org/@babel%2fcompat-data 389ms (cache miss)
495 silly packumentCache full:https://registry.npmjs.org/@babel%2fcompat-data set size:undefined disposed:false
496 http fetch GET 200 https://registry.npmjs.org/@jridgewell%2fgen-mapping 234ms (cache miss)
497 silly packumentCache full:https://registry.npmjs.org/@jridgewell%2fgen-mapping set size:undefined disposed:false
498 http fetch GET 200 https://registry.npmjs.org/@babel%2fhelper-module-imports 387ms (cache miss)
499 silly packumentCache full:https://registry.npmjs.org/@babel%2fhelper-module-imports set size:undefined disposed:false
500 http fetch GET 200 https://registry.npmjs.org/ms 362ms (cache miss)
501 silly packumentCache full:https://registry.npmjs.org/ms set size:undefined disposed:false
502 http fetch GET 200 https://registry.npmjs.org/@jridgewell%2fgen-mapping 802ms (cache miss)
503 silly packumentCache full:https://registry.npmjs.org/@jridgewell%2fgen-mapping set size:undefined disposed:false
504 silly placeDep ROOT @babel/helper-validator-identifier@7.28.5 OK for: @babel/code-frame@7.27.1 want: ^7.27.1
505 silly placeDep ROOT js-tokens@4.0.0 OK for: @babel/code-frame@7.27.1 want: ^4.0.0
506 silly placeDep ROOT picocolors@1.1.1 OK for: @babel/code-frame@7.27.1 want: ^1.1.1
507 silly placeDep ROOT @jridgewell/gen-mapping@0.3.13 OK for: @babel/generator@7.28.5 want: ^0.3.12
508 silly placeDep ROOT @jridgewell/trace-mapping@0.3.31 OK for: @babel/generator@7.28.5 want: ^0.3.28
509 silly placeDep ROOT jsesc@3.1.0 OK for: @babel/generator@7.28.5 want: ^3.0.2
510 silly fetch manifest @jridgewell/sourcemap-codec@^1.5.0
511 silly packumentCache full:https://registry.npmjs.org/@jridgewell%2fsourcemap-codec cache-miss
512 silly fetch manifest @jridgewell/resolve-uri@^3.1.0
513 silly packumentCache full:https://registry.npmjs.org/@jridgewell%2fresolve-uri cache-miss
514 silly fetch manifest @jridgewell/sourcemap-codec@^1.4.14
515 silly packumentCache full:https://registry.npmjs.org/@jridgewell%2fsourcemap-codec cache-miss
516 http fetch GET 200 https://registry.npmjs.org/@jridgewell%2fsourcemap-codec 261ms (cache miss)
517 silly packumentCache full:https://registry.npmjs.org/@jridgewell%2fsourcemap-codec set size:undefined disposed:false
518 http fetch GET 200 https://registry.npmjs.org/@jridgewell%2fsourcemap-codec 489ms (cache miss)
519 silly packumentCache full:https://registry.npmjs.org/@jridgewell%2fsourcemap-codec set size:undefined disposed:false
520 http fetch GET 200 https://registry.npmjs.org/@jridgewell%2fresolve-uri 507ms (cache miss)
521 silly packumentCache full:https://registry.npmjs.org/@jridgewell%2fresolve-uri set size:undefined disposed:false
522 silly placeDep ROOT @babel/compat-data@7.28.5 OK for: @babel/helper-compilation-targets@7.27.2 want: ^7.27.2
523 silly placeDep ROOT @babel/helper-validator-option@7.27.1 OK for: @babel/helper-compilation-targets@7.27.2 want: ^7.27.1
524 silly placeDep ROOT browserslist@4.28.1 OK for: @babel/helper-compilation-targets@7.27.2 want: ^4.24.0
525 silly placeDep ROOT lru-cache@5.1.1 OK for: @babel/helper-compilation-targets@7.27.2 want: ^5.1.1
526 silly fetch manifest baseline-browser-mapping@^2.9.0
527 silly packumentCache full:https://registry.npmjs.org/baseline-browser-mapping cache-miss
528 silly fetch manifest caniuse-lite@^1.0.30001759
529 silly packumentCache full:https://registry.npmjs.org/caniuse-lite cache-miss
530 silly fetch manifest electron-to-chromium@^1.5.263
531 silly packumentCache full:https://registry.npmjs.org/electron-to-chromium cache-miss
532 silly fetch manifest node-releases@^2.0.27
533 silly packumentCache full:https://registry.npmjs.org/node-releases cache-miss
534 silly fetch manifest update-browserslist-db@^1.2.0
535 silly packumentCache full:https://registry.npmjs.org/update-browserslist-db cache-miss
536 silly fetch manifest yallist@^3.0.2
537 silly packumentCache full:https://registry.npmjs.org/yallist cache-miss
538 http cache https://registry.npmjs.org/caniuse-lite 17ms (cache hit)
539 silly packumentCache full:https://registry.npmjs.org/caniuse-lite set size:2238369 disposed:false
540 http fetch GET 200 https://registry.npmjs.org/yallist 71ms (cache miss)
541 silly packumentCache full:https://registry.npmjs.org/yallist set size:undefined disposed:false
542 http fetch GET 200 https://registry.npmjs.org/node-releases 76ms (cache miss)
543 silly packumentCache full:https://registry.npmjs.org/node-releases set size:undefined disposed:false
544 http fetch GET 200 https://registry.npmjs.org/baseline-browser-mapping 118ms (cache miss)
545 silly packumentCache full:https://registry.npmjs.org/baseline-browser-mapping set size:undefined disposed:false
546 http fetch GET 200 https://registry.npmjs.org/update-browserslist-db 388ms (cache miss)
547 silly packumentCache full:https://registry.npmjs.org/update-browserslist-db set size:undefined disposed:false
548 http fetch GET 200 https://registry.npmjs.org/electron-to-chromium 431ms (cache miss)
549 silly packumentCache full:https://registry.npmjs.org/electron-to-chromium set size:undefined disposed:false
550 silly placeDep ROOT @babel/helper-module-imports@7.27.1 OK for: @babel/helper-module-transforms@7.28.3 want: ^7.27.1
551 silly placeDep ROOT @babel/helper-plugin-utils@7.27.1 OK for: @babel/plugin-transform-react-jsx-self@7.27.1 want: ^7.27.1
552 silly placeDep ROOT @babel/helper-globals@7.28.0 OK for: @babel/traverse@7.28.5 want: ^7.28.0
553 silly placeDep ROOT @babel/helper-string-parser@7.27.1 OK for: @babel/types@7.28.5 want: ^7.27.1
554 silly placeDep ROOT @jridgewell/sourcemap-codec@1.5.5 OK for: @jridgewell/gen-mapping@0.3.13 want: ^1.5.0
555 silly placeDep ROOT @jridgewell/resolve-uri@3.1.2 OK for: @jridgewell/trace-mapping@0.3.31 want: ^3.1.0
556 silly placeDep ROOT @types/babel__generator@7.27.0 OK for: @types/babel__core@7.20.5 want: *
557 silly placeDep ROOT @types/babel__template@7.4.4 OK for: @types/babel__core@7.20.5 want: *
558 silly placeDep ROOT @types/babel__traverse@7.28.0 OK for: @types/babel__core@7.20.5 want: *
559 silly placeDep ROOT caniuse-lite@1.0.30001762 OK for: autoprefixer@10.4.23 want: ^1.0.30001760
560 silly placeDep ROOT fraction.js@5.3.4 OK for: autoprefixer@10.4.23 want: ^5.3.4
561 silly placeDep ROOT postcss-value-parser@4.2.0 OK for: autoprefixer@10.4.23 want: ^4.2.0
562 silly placeDep ROOT follow-redirects@1.15.11 OK for: axios@1.13.2 want: ^1.15.6
563 silly placeDep ROOT form-data@4.0.5 OK for: axios@1.13.2 want: ^4.0.4
564 silly placeDep ROOT proxy-from-env@1.1.0 OK for: axios@1.13.2 want: ^1.1.0
565 silly fetch manifest asynckit@^0.4.0
566 silly packumentCache full:https://registry.npmjs.org/asynckit cache-miss
567 silly fetch manifest combined-stream@^1.0.8
568 silly packumentCache full:https://registry.npmjs.org/combined-stream cache-miss
569 silly fetch manifest es-set-tostringtag@^2.1.0
570 silly packumentCache full:https://registry.npmjs.org/es-set-tostringtag cache-miss
571 silly fetch manifest hasown@^2.0.2
572 silly packumentCache full:https://registry.npmjs.org/hasown cache-miss
573 silly fetch manifest mime-types@^2.1.12
574 silly packumentCache full:https://registry.npmjs.org/mime-types cache-miss
575 http fetch GET 200 https://registry.npmjs.org/es-set-tostringtag 83ms (cache miss)
576 silly packumentCache full:https://registry.npmjs.org/es-set-tostringtag set size:undefined disposed:false
577 http fetch GET 200 https://registry.npmjs.org/hasown 83ms (cache miss)
578 silly packumentCache full:https://registry.npmjs.org/hasown set size:undefined disposed:false
579 http fetch GET 200 https://registry.npmjs.org/mime-types 85ms (cache miss)
580 silly packumentCache full:https://registry.npmjs.org/mime-types set size:undefined disposed:false
581 http fetch GET 200 https://registry.npmjs.org/combined-stream 90ms (cache miss)
582 silly packumentCache full:https://registry.npmjs.org/combined-stream set size:undefined disposed:false
583 http fetch GET 200 https://registry.npmjs.org/asynckit 107ms (cache miss)
584 silly packumentCache full:https://registry.npmjs.org/asynckit set size:undefined disposed:false
585 silly fetch manifest browserslist@>= 4.21.0
586 silly packumentCache full:https://registry.npmjs.org/browserslist cache-hit
587 silly placeDep ROOT baseline-browser-mapping@2.9.11 OK for: browserslist@4.28.1 want: ^2.9.0
588 silly placeDep ROOT electron-to-chromium@1.5.267 OK for: browserslist@4.28.1 want: ^1.5.263
589 silly placeDep ROOT node-releases@2.0.27 OK for: browserslist@4.28.1 want: ^2.0.27
590 silly placeDep ROOT update-browserslist-db@1.2.3 OK for: browserslist@4.28.1 want: ^1.2.0
591 silly fetch manifest escalade@^3.2.0
592 silly packumentCache full:https://registry.npmjs.org/escalade cache-miss
593 http fetch GET 200 https://registry.npmjs.org/escalade 90ms (cache miss)
594 silly packumentCache full:https://registry.npmjs.org/escalade set size:undefined disposed:false
595 silly placeDep ROOT ms@2.1.3 OK for: debug@4.4.3 want: ^2.1.3
596 silly placeDep ROOT asynckit@0.4.0 OK for: form-data@4.0.5 want: ^0.4.0
597 silly placeDep ROOT combined-stream@1.0.8 OK for: form-data@4.0.5 want: ^1.0.8
598 silly placeDep ROOT es-set-tostringtag@2.1.0 OK for: form-data@4.0.5 want: ^2.1.0
599 silly placeDep ROOT hasown@2.0.2 OK for: form-data@4.0.5 want: ^2.0.2
600 silly placeDep ROOT mime-types@2.1.35 OK for: form-data@4.0.5 want: ^2.1.12
601 silly fetch manifest delayed-stream@~1.0.0
602 silly packumentCache full:https://registry.npmjs.org/delayed-stream cache-miss
603 silly fetch manifest es-errors@^1.3.0
604 silly packumentCache full:https://registry.npmjs.org/es-errors cache-miss
605 silly fetch manifest get-intrinsic@^1.2.6
606 silly packumentCache full:https://registry.npmjs.org/get-intrinsic cache-miss
607 silly fetch manifest has-tostringtag@^1.0.2
608 silly packumentCache full:https://registry.npmjs.org/has-tostringtag cache-miss
609 silly fetch manifest function-bind@^1.1.2
610 silly packumentCache full:https://registry.npmjs.org/function-bind cache-miss
611 silly fetch manifest mime-db@1.52.0
612 silly packumentCache full:https://registry.npmjs.org/mime-db cache-miss
613 http fetch GET 200 https://registry.npmjs.org/has-tostringtag 57ms (cache miss)
614 silly packumentCache full:https://registry.npmjs.org/has-tostringtag set size:undefined disposed:false
615 http fetch GET 200 https://registry.npmjs.org/function-bind 62ms (cache miss)
616 silly packumentCache full:https://registry.npmjs.org/function-bind set size:undefined disposed:false
617 http fetch GET 200 https://registry.npmjs.org/get-intrinsic 73ms (cache miss)
618 silly packumentCache full:https://registry.npmjs.org/get-intrinsic set size:undefined disposed:false
619 http fetch GET 200 https://registry.npmjs.org/es-errors 76ms (cache miss)
620 silly packumentCache full:https://registry.npmjs.org/es-errors set size:undefined disposed:false
621 http fetch GET 200 https://registry.npmjs.org/mime-db 74ms (cache miss)
622 silly packumentCache full:https://registry.npmjs.org/mime-db set size:undefined disposed:false
623 http fetch GET 200 https://registry.npmjs.org/delayed-stream 83ms (cache miss)
624 silly packumentCache full:https://registry.npmjs.org/delayed-stream set size:undefined disposed:false
625 silly placeDep ROOT delayed-stream@1.0.0 OK for: combined-stream@1.0.8 want: ~1.0.0
626 silly placeDep ROOT es-errors@1.3.0 OK for: es-set-tostringtag@2.1.0 want: ^1.3.0
627 silly placeDep ROOT get-intrinsic@1.3.0 OK for: es-set-tostringtag@2.1.0 want: ^1.2.6
628 silly placeDep ROOT has-tostringtag@1.0.2 OK for: es-set-tostringtag@2.1.0 want: ^1.0.2
629 silly fetch manifest gopd@^1.2.0
630 silly packumentCache full:https://registry.npmjs.org/gopd cache-miss
631 silly fetch manifest get-proto@^1.0.1
632 silly packumentCache full:https://registry.npmjs.org/get-proto cache-miss
633 silly fetch manifest has-symbols@^1.1.0
634 silly packumentCache full:https://registry.npmjs.org/has-symbols cache-miss
635 silly fetch manifest es-object-atoms@^1.1.1
636 silly packumentCache full:https://registry.npmjs.org/es-object-atoms cache-miss
637 silly fetch manifest math-intrinsics@^1.1.0
638 silly packumentCache full:https://registry.npmjs.org/math-intrinsics cache-miss
639 silly fetch manifest es-define-property@^1.0.1
640 silly packumentCache full:https://registry.npmjs.org/es-define-property cache-miss
641 silly fetch manifest call-bind-apply-helpers@^1.0.2
642 silly packumentCache full:https://registry.npmjs.org/call-bind-apply-helpers cache-miss
643 http fetch GET 200 https://registry.npmjs.org/get-proto 61ms (cache miss)
644 silly packumentCache full:https://registry.npmjs.org/get-proto set size:undefined disposed:false
645 silly fetch manifest has-symbols@^1.0.3
646 silly packumentCache full:https://registry.npmjs.org/has-symbols cache-miss
647 http fetch GET 200 https://registry.npmjs.org/es-object-atoms 77ms (cache miss)
648 silly packumentCache full:https://registry.npmjs.org/es-object-atoms set size:undefined disposed:false
649 http fetch GET 200 https://registry.npmjs.org/math-intrinsics 79ms (cache miss)
650 silly packumentCache full:https://registry.npmjs.org/math-intrinsics set size:undefined disposed:false
651 http fetch GET 200 https://registry.npmjs.org/call-bind-apply-helpers 80ms (cache miss)
652 silly packumentCache full:https://registry.npmjs.org/call-bind-apply-helpers set size:undefined disposed:false
653 http fetch GET 200 https://registry.npmjs.org/es-define-property 83ms (cache miss)
654 silly packumentCache full:https://registry.npmjs.org/es-define-property set size:undefined disposed:false
655 http fetch GET 200 https://registry.npmjs.org/has-symbols 88ms (cache miss)
656 silly packumentCache full:https://registry.npmjs.org/has-symbols set size:undefined disposed:false
657 http fetch GET 200 https://registry.npmjs.org/has-symbols 50ms (cache miss)
658 silly packumentCache full:https://registry.npmjs.org/has-symbols set size:undefined disposed:false
659 http fetch GET 200 https://registry.npmjs.org/gopd 347ms (cache miss)
660 silly packumentCache full:https://registry.npmjs.org/gopd set size:undefined disposed:false
661 silly placeDep ROOT call-bind-apply-helpers@1.0.2 OK for: get-intrinsic@1.3.0 want: ^1.0.2
662 silly placeDep ROOT es-define-property@1.0.1 OK for: get-intrinsic@1.3.0 want: ^1.0.1
663 silly placeDep ROOT es-object-atoms@1.1.1 OK for: get-intrinsic@1.3.0 want: ^1.1.1
664 silly placeDep ROOT function-bind@1.1.2 OK for: get-intrinsic@1.3.0 want: ^1.1.2
665 silly placeDep ROOT get-proto@1.0.1 OK for: get-intrinsic@1.3.0 want: ^1.0.1
666 silly placeDep ROOT gopd@1.2.0 OK for: get-intrinsic@1.3.0 want: ^1.2.0
667 silly placeDep ROOT has-symbols@1.1.0 OK for: get-intrinsic@1.3.0 want: ^1.1.0
668 silly placeDep ROOT math-intrinsics@1.1.0 OK for: get-intrinsic@1.3.0 want: ^1.1.0
669 silly fetch manifest dunder-proto@^1.0.1
670 silly packumentCache full:https://registry.npmjs.org/dunder-proto cache-miss
671 http fetch GET 200 https://registry.npmjs.org/dunder-proto 61ms (cache miss)
672 silly packumentCache full:https://registry.npmjs.org/dunder-proto set size:undefined disposed:false
673 silly placeDep ROOT dunder-proto@1.0.1 OK for: get-proto@1.0.1 want: ^1.0.1
674 silly placeDep ROOT yallist@3.1.1 OK for: lru-cache@5.1.1 want: ^3.0.2
675 silly placeDep ROOT mime-db@1.52.0 OK for: mime-types@2.1.35 want: 1.52.0
676 silly placeDep ROOT nanoid@3.3.11 OK for: postcss@8.5.6 want: ^3.3.11
677 silly placeDep ROOT source-map-js@1.2.1 OK for: postcss@8.5.6 want: ^1.2.1
678 silly placeDep ROOT loose-envify@1.4.0 OK for: react@18.3.1 want: ^1.1.0
679 silly placeDep ROOT scheduler@0.23.2 OK for: react-dom@18.3.1 want: ^0.23.2
680 silly fetch manifest react@>=16.8
681 silly packumentCache full:https://registry.npmjs.org/react cache-miss
682 http cache https://registry.npmjs.org/react 19ms (cache hit)
683 silly packumentCache full:https://registry.npmjs.org/react set size:6362621 disposed:false
684 silly placeDep ROOT @remix-run/router@1.23.1 OK for: react-router-dom@6.30.2 want: 1.23.1
685 silly placeDep ROOT react-router@6.30.2 OK for: react-router-dom@6.30.2 want: 6.30.2
686 silly placeDep ROOT @socket.io/component-emitter@3.1.2 OK for: socket.io-client@4.8.3 want: ~3.1.0
687 silly placeDep ROOT engine.io-client@6.6.4 OK for: socket.io-client@4.8.3 want: ~6.6.1
688 silly placeDep ROOT socket.io-parser@4.2.5 OK for: socket.io-client@4.8.3 want: ~4.2.4
689 silly fetch manifest engine.io-parser@~5.2.1
690 silly packumentCache full:https://registry.npmjs.org/engine.io-parser cache-miss
691 silly fetch manifest ws@~8.18.3
692 silly packumentCache full:https://registry.npmjs.org/ws cache-miss
693 silly fetch manifest xmlhttprequest-ssl@~2.1.1
694 silly packumentCache full:https://registry.npmjs.org/xmlhttprequest-ssl cache-miss
695 http fetch GET 200 https://registry.npmjs.org/ws 371ms (cache miss)
696 silly packumentCache full:https://registry.npmjs.org/ws set size:undefined disposed:false
697 http fetch GET 200 https://registry.npmjs.org/xmlhttprequest-ssl 871ms (cache miss)
698 silly packumentCache full:https://registry.npmjs.org/xmlhttprequest-ssl set size:undefined disposed:false
699 http fetch GET 200 https://registry.npmjs.org/engine.io-parser 899ms (cache miss)
700 silly packumentCache full:https://registry.npmjs.org/engine.io-parser set size:undefined disposed:false
701 silly fetch manifest bufferutil@^4.0.1
702 silly packumentCache full:https://registry.npmjs.org/bufferutil cache-miss
703 http fetch GET 200 https://registry.npmjs.org/bufferutil 58ms (cache miss)
704 silly packumentCache full:https://registry.npmjs.org/bufferutil set size:undefined disposed:false
705 silly fetch manifest utf-8-validate@>=5.0.2
706 silly packumentCache full:https://registry.npmjs.org/utf-8-validate cache-miss
707 http fetch GET 200 https://registry.npmjs.org/utf-8-validate 82ms (cache miss)
708 silly packumentCache full:https://registry.npmjs.org/utf-8-validate set size:undefined disposed:false
709 silly placeDep ROOT engine.io-parser@5.2.3 OK for: engine.io-client@6.6.4 want: ~5.2.1
710 silly placeDep ROOT ws@8.18.3 OK for: engine.io-client@6.6.4 want: ~8.18.3
711 silly placeDep ROOT xmlhttprequest-ssl@2.1.2 OK for: engine.io-client@6.6.4 want: ~2.1.1
712 silly fetch manifest postcss@^8.4.47
713 silly packumentCache full:https://registry.npmjs.org/postcss cache-hit
714 silly fetch manifest tsx@^4.8.1
715 silly packumentCache full:https://registry.npmjs.org/tsx cache-miss
716 http fetch GET 200 https://registry.npmjs.org/tsx 72ms (cache miss)
717 silly packumentCache full:https://registry.npmjs.org/tsx set size:undefined disposed:false
718 silly fetch manifest yaml@^2.4.2
719 silly packumentCache full:https://registry.npmjs.org/yaml cache-miss
720 http fetch GET 200 https://registry.npmjs.org/yaml 360ms (cache miss)
721 silly packumentCache full:https://registry.npmjs.org/yaml set size:undefined disposed:false
722 silly placeDep ROOT @alloc/quick-lru@5.2.0 OK for: tailwindcss@3.4.19 want: ^5.2.0
723 silly placeDep ROOT arg@5.0.2 OK for: tailwindcss@3.4.19 want: ^5.0.2
724 silly placeDep ROOT chokidar@3.6.0 OK for: tailwindcss@3.4.19 want: ^3.6.0
725 silly placeDep ROOT didyoumean@1.2.2 OK for: tailwindcss@3.4.19 want: ^1.2.2
726 silly placeDep ROOT dlv@1.1.3 OK for: tailwindcss@3.4.19 want: ^1.1.3
727 silly placeDep ROOT fast-glob@3.3.3 OK for: tailwindcss@3.4.19 want: ^3.3.2
728 silly placeDep ROOT glob-parent@6.0.2 OK for: tailwindcss@3.4.19 want: ^6.0.2
729 silly placeDep ROOT is-glob@4.0.3 OK for: tailwindcss@3.4.19 want: ^4.0.3
730 silly placeDep ROOT jiti@1.21.7 OK for: tailwindcss@3.4.19 want: ^1.21.7
731 silly placeDep ROOT lilconfig@3.1.3 OK for: tailwindcss@3.4.19 want: ^3.1.3
732 silly placeDep ROOT micromatch@4.0.8 OK for: tailwindcss@3.4.19 want: ^4.0.8
733 silly placeDep ROOT normalize-path@3.0.0 OK for: tailwindcss@3.4.19 want: ^3.0.0
734 silly placeDep ROOT object-hash@3.0.0 OK for: tailwindcss@3.4.19 want: ^3.0.0
735 silly placeDep ROOT postcss-import@15.1.0 OK for: tailwindcss@3.4.19 want: ^15.1.0
736 silly placeDep ROOT postcss-js@4.1.0 OK for: tailwindcss@3.4.19 want: ^4.0.1
737 silly placeDep ROOT postcss-load-config@6.0.1 OK for: tailwindcss@3.4.19 want: ^4.0.2 || ^5.0 || ^6.0
738 silly placeDep ROOT postcss-nested@6.2.0 OK for: tailwindcss@3.4.19 want: ^6.2.0
739 silly placeDep ROOT postcss-selector-parser@6.1.2 OK for: tailwindcss@3.4.19 want: ^6.1.2
740 silly placeDep ROOT resolve@1.22.11 OK for: tailwindcss@3.4.19 want: ^1.22.8
741 silly placeDep ROOT sucrase@3.35.1 OK for: tailwindcss@3.4.19 want: ^3.35.0
742 silly fetch manifest braces@~3.0.2
743 silly packumentCache full:https://registry.npmjs.org/braces cache-miss
744 silly fetch manifest is-glob@~4.0.1
745 silly packumentCache full:https://registry.npmjs.org/is-glob cache-miss
746 silly fetch manifest anymatch@~3.1.2
747 silly packumentCache full:https://registry.npmjs.org/anymatch cache-miss
748 silly fetch manifest readdirp@~3.6.0
749 silly packumentCache full:https://registry.npmjs.org/readdirp cache-miss
750 silly fetch manifest glob-parent@~5.1.2
751 silly packumentCache full:https://registry.npmjs.org/glob-parent cache-miss
752 silly fetch manifest is-binary-path@~2.1.0
753 silly packumentCache full:https://registry.npmjs.org/is-binary-path cache-miss
754 silly fetch manifest normalize-path@~3.0.0
755 silly packumentCache full:https://registry.npmjs.org/normalize-path cache-miss
756 http cache https://registry.npmjs.org/is-glob 24ms (cache hit)
757 silly packumentCache full:https://registry.npmjs.org/is-glob set size:40530 disposed:false
758 silly fetch manifest fsevents@~2.3.2
759 silly packumentCache full:https://registry.npmjs.org/fsevents cache-miss
760 http cache https://registry.npmjs.org/glob-parent 22ms (cache hit)
761 silly packumentCache full:https://registry.npmjs.org/glob-parent set size:42445 disposed:false
762 silly fetch manifest @nodelib/fs.stat@^2.0.2
763 silly packumentCache full:https://registry.npmjs.org/@nodelib%2ffs.stat cache-miss
764 http cache https://registry.npmjs.org/normalize-path 23ms (cache hit)
765 silly packumentCache full:https://registry.npmjs.org/normalize-path set size:28713 disposed:false
766 silly fetch manifest @nodelib/fs.walk@^1.2.3
767 silly packumentCache full:https://registry.npmjs.org/@nodelib%2ffs.walk cache-miss
768 http cache https://registry.npmjs.org/fsevents 8ms (cache hit)
769 silly packumentCache full:https://registry.npmjs.org/fsevents set size:182472 disposed:false
770 silly fetch manifest glob-parent@^5.1.2
771 silly packumentCache full:https://registry.npmjs.org/glob-parent cache-hit
772 silly fetch manifest merge2@^1.3.0
773 silly packumentCache full:https://registry.npmjs.org/merge2 cache-miss
774 http fetch GET 200 https://registry.npmjs.org/is-binary-path 62ms (cache miss)
775 silly packumentCache full:https://registry.npmjs.org/is-binary-path set size:undefined disposed:false
776 silly fetch manifest is-extglob@^2.1.1
777 silly packumentCache full:https://registry.npmjs.org/is-extglob cache-miss
778 http fetch GET 200 https://registry.npmjs.org/anymatch 76ms (cache miss)
779 silly packumentCache full:https://registry.npmjs.org/anymatch set size:undefined disposed:false
780 silly fetch manifest braces@^3.0.3
781 silly packumentCache full:https://registry.npmjs.org/braces cache-miss
782 http fetch GET 200 https://registry.npmjs.org/merge2 80ms (cache miss)
783 silly packumentCache full:https://registry.npmjs.org/merge2 set size:undefined disposed:false
784 silly fetch manifest picomatch@^2.3.1
785 silly packumentCache full:https://registry.npmjs.org/picomatch cache-miss
786 http fetch GET 200 https://registry.npmjs.org/is-extglob 59ms (cache miss)
787 silly packumentCache full:https://registry.npmjs.org/is-extglob set size:undefined disposed:false
788 silly fetch manifest resolve@^1.1.7
789 silly packumentCache full:https://registry.npmjs.org/resolve cache-miss
790 http cache https://registry.npmjs.org/resolve 4ms (cache hit)
791 silly packumentCache full:https://registry.npmjs.org/resolve set size:246681 disposed:false
792 silly fetch manifest read-cache@^1.0.0
793 silly packumentCache full:https://registry.npmjs.org/read-cache cache-miss
794 http fetch GET 200 https://registry.npmjs.org/readdirp 167ms (cache miss)
795 silly packumentCache full:https://registry.npmjs.org/readdirp set size:undefined disposed:false
796 silly fetch manifest camelcase-css@^2.0.1
797 silly packumentCache full:https://registry.npmjs.org/camelcase-css cache-miss
798 http fetch GET 200 https://registry.npmjs.org/read-cache 52ms (cache miss)
799 silly packumentCache full:https://registry.npmjs.org/read-cache set size:undefined disposed:false
800 silly fetch manifest postcss-selector-parser@^6.1.1
801 silly packumentCache full:https://registry.npmjs.org/postcss-selector-parser cache-miss
802 http cache https://registry.npmjs.org/postcss-selector-parser 5ms (cache hit)
803 silly packumentCache full:https://registry.npmjs.org/postcss-selector-parser set size:177140 disposed:false
804 silly fetch manifest cssesc@^3.0.0
805 silly packumentCache full:https://registry.npmjs.org/cssesc cache-miss
806 http fetch GET 200 https://registry.npmjs.org/picomatch 89ms (cache miss)
807 silly packumentCache full:https://registry.npmjs.org/picomatch set size:undefined disposed:false
808 silly fetch manifest util-deprecate@^1.0.2
809 silly packumentCache full:https://registry.npmjs.org/util-deprecate cache-miss
810 http fetch GET 200 https://registry.npmjs.org/camelcase-css 63ms (cache miss)
811 silly packumentCache full:https://registry.npmjs.org/camelcase-css set size:undefined disposed:false
812 silly fetch manifest is-core-module@^2.16.1
813 silly packumentCache full:https://registry.npmjs.org/is-core-module cache-miss
814 http fetch GET 200 https://registry.npmjs.org/@nodelib%2ffs.stat 216ms (cache miss)
815 silly packumentCache full:https://registry.npmjs.org/@nodelib%2ffs.stat set size:undefined disposed:false
816 silly fetch manifest path-parse@^1.0.7
817 silly packumentCache full:https://registry.npmjs.org/path-parse cache-miss
818 http fetch GET 200 https://registry.npmjs.org/@nodelib%2ffs.walk 235ms (cache miss)
819 silly packumentCache full:https://registry.npmjs.org/@nodelib%2ffs.walk set size:undefined disposed:false
820 silly fetch manifest supports-preserve-symlinks-flag@^1.0.0
821 silly packumentCache full:https://registry.npmjs.org/supports-preserve-symlinks-flag cache-miss
822 http fetch GET 200 https://registry.npmjs.org/cssesc 79ms (cache miss)
823 silly packumentCache full:https://registry.npmjs.org/cssesc set size:undefined disposed:false
824 silly fetch manifest commander@^4.0.0
825 silly packumentCache full:https://registry.npmjs.org/commander cache-miss
826 http fetch GET 200 https://registry.npmjs.org/util-deprecate 70ms (cache miss)
827 silly packumentCache full:https://registry.npmjs.org/util-deprecate set size:undefined disposed:false
828 silly fetch manifest lines-and-columns@^1.1.6
829 silly packumentCache full:https://registry.npmjs.org/lines-and-columns cache-miss
830 http fetch GET 200 https://registry.npmjs.org/supports-preserve-symlinks-flag 54ms (cache miss)
831 silly packumentCache full:https://registry.npmjs.org/supports-preserve-symlinks-flag set size:undefined disposed:false
832 silly fetch manifest mz@^2.7.0
833 silly packumentCache full:https://registry.npmjs.org/mz cache-miss
834 http fetch GET 200 https://registry.npmjs.org/is-core-module 103ms (cache miss)
835 silly packumentCache full:https://registry.npmjs.org/is-core-module set size:undefined disposed:false
836 silly fetch manifest pirates@^4.0.1
837 silly packumentCache full:https://registry.npmjs.org/pirates cache-miss
838 http fetch GET 200 https://registry.npmjs.org/commander 75ms (cache miss)
839 silly packumentCache full:https://registry.npmjs.org/commander set size:undefined disposed:false
840 silly fetch manifest tinyglobby@^0.2.11
841 silly packumentCache full:https://registry.npmjs.org/tinyglobby cache-miss
842 http fetch GET 200 https://registry.npmjs.org/lines-and-columns 81ms (cache miss)
843 silly packumentCache full:https://registry.npmjs.org/lines-and-columns set size:undefined disposed:false
844 silly fetch manifest ts-interface-checker@^0.1.9
845 silly packumentCache full:https://registry.npmjs.org/ts-interface-checker cache-miss
846 http fetch GET 200 https://registry.npmjs.org/braces 293ms (cache miss)
847 silly packumentCache full:https://registry.npmjs.org/braces set size:undefined disposed:false
848 http fetch GET 200 https://registry.npmjs.org/braces 377ms (cache miss)
849 silly packumentCache full:https://registry.npmjs.org/braces set size:undefined disposed:false
850 http fetch GET 200 https://registry.npmjs.org/mz 63ms (cache miss)
851 silly packumentCache full:https://registry.npmjs.org/mz set size:undefined disposed:false
852 http fetch GET 200 https://registry.npmjs.org/ts-interface-checker 69ms (cache miss)
853 silly packumentCache full:https://registry.npmjs.org/ts-interface-checker set size:undefined disposed:false
854 http fetch GET 200 https://registry.npmjs.org/tinyglobby 98ms (cache miss)
855 silly packumentCache full:https://registry.npmjs.org/tinyglobby set size:undefined disposed:false
856 http fetch GET 200 https://registry.npmjs.org/path-parse 344ms (cache miss)
857 silly packumentCache full:https://registry.npmjs.org/path-parse set size:undefined disposed:false
858 http fetch GET 200 https://registry.npmjs.org/pirates 371ms (cache miss)
859 silly packumentCache full:https://registry.npmjs.org/pirates set size:undefined disposed:false
860 silly placeDep ROOT anymatch@3.1.3 OK for: chokidar@3.6.0 want: ~3.1.2
861 silly placeDep ROOT braces@3.0.3 OK for: chokidar@3.6.0 want: ~3.0.2
862 silly placeDep ROOT fsevents@2.3.3 OK for: chokidar@3.6.0 want: ~2.3.2
863 silly placeDep node_modules/chokidar glob-parent@5.1.2 OK for: chokidar@3.6.0 want: ~5.1.2
864 silly placeDep ROOT is-binary-path@2.1.0 OK for: chokidar@3.6.0 want: ~2.1.0
865 silly placeDep ROOT readdirp@3.6.0 OK for: chokidar@3.6.0 want: ~3.6.0
866 silly fetch manifest picomatch@^2.0.4
867 silly packumentCache full:https://registry.npmjs.org/picomatch cache-miss
868 silly fetch manifest fill-range@^7.1.1
869 silly packumentCache full:https://registry.npmjs.org/fill-range cache-miss
870 silly fetch manifest binary-extensions@^2.0.0
871 silly packumentCache full:https://registry.npmjs.org/binary-extensions cache-miss
872 silly fetch manifest picomatch@^2.2.1
873 silly packumentCache full:https://registry.npmjs.org/picomatch cache-miss
874 http cache https://registry.npmjs.org/picomatch 7ms (cache hit)
875 silly packumentCache full:https://registry.npmjs.org/picomatch set size:118818 disposed:false
876 http cache https://registry.npmjs.org/picomatch 8ms (cache hit)
877 silly packumentCache full:https://registry.npmjs.org/picomatch set size:118818 disposed:false
878 silly packumentCache full:https://registry.npmjs.org/picomatch dispose
879 http fetch GET 200 https://registry.npmjs.org/fill-range 127ms (cache miss)
880 silly packumentCache full:https://registry.npmjs.org/fill-range set size:undefined disposed:false
881 http fetch GET 200 https://registry.npmjs.org/binary-extensions 150ms (cache miss)
882 silly packumentCache full:https://registry.npmjs.org/binary-extensions set size:undefined disposed:false
883 silly placeDep ROOT picomatch@2.3.1 OK for: anymatch@3.1.3 want: ^2.0.4
884 silly placeDep ROOT fill-range@7.1.1 OK for: braces@3.0.3 want: ^7.1.1
885 silly fetch manifest to-regex-range@^5.0.1
886 silly packumentCache full:https://registry.npmjs.org/to-regex-range cache-miss
887 http fetch GET 200 https://registry.npmjs.org/to-regex-range 197ms (cache miss)
888 silly packumentCache full:https://registry.npmjs.org/to-regex-range set size:undefined disposed:false
889 silly placeDep ROOT @nodelib/fs.stat@2.0.5 OK for: fast-glob@3.3.3 want: ^2.0.2
890 silly placeDep ROOT @nodelib/fs.walk@1.2.8 OK for: fast-glob@3.3.3 want: ^1.2.3
891 silly placeDep node_modules/fast-glob glob-parent@5.1.2 OK for: fast-glob@3.3.3 want: ^5.1.2
892 silly placeDep ROOT merge2@1.4.1 OK for: fast-glob@3.3.3 want: ^1.3.0
893 silly fetch manifest fastq@^1.6.0
894 silly packumentCache full:https://registry.npmjs.org/fastq cache-miss
895 silly fetch manifest @nodelib/fs.scandir@2.1.5
896 silly packumentCache full:https://registry.npmjs.org/@nodelib%2ffs.scandir cache-miss
897 http fetch GET 200 https://registry.npmjs.org/fastq 168ms (cache miss)
898 silly packumentCache full:https://registry.npmjs.org/fastq set size:undefined disposed:false
899 http fetch GET 200 https://registry.npmjs.org/@nodelib%2ffs.scandir 209ms (cache miss)
900 silly packumentCache full:https://registry.npmjs.org/@nodelib%2ffs.scandir set size:undefined disposed:false
901 silly placeDep ROOT @nodelib/fs.scandir@2.1.5 OK for: @nodelib/fs.walk@1.2.8 want: 2.1.5
902 silly placeDep ROOT fastq@1.20.1 OK for: @nodelib/fs.walk@1.2.8 want: ^1.6.0
903 silly fetch manifest run-parallel@^1.1.9
904 silly packumentCache full:https://registry.npmjs.org/run-parallel cache-miss
905 silly fetch manifest reusify@^1.0.4
906 silly packumentCache full:https://registry.npmjs.org/reusify cache-miss
907 http fetch GET 200 https://registry.npmjs.org/reusify 84ms (cache miss)
908 silly packumentCache full:https://registry.npmjs.org/reusify set size:undefined disposed:false
909 http fetch GET 200 https://registry.npmjs.org/run-parallel 85ms (cache miss)
910 silly packumentCache full:https://registry.npmjs.org/run-parallel set size:undefined disposed:false
911 silly placeDep ROOT run-parallel@1.2.0 OK for: @nodelib/fs.scandir@2.1.5 want: ^1.1.9
912 silly fetch manifest queue-microtask@^1.2.2
913 silly packumentCache full:https://registry.npmjs.org/queue-microtask cache-miss
914 http fetch GET 200 https://registry.npmjs.org/queue-microtask 94ms (cache miss)
915 silly packumentCache full:https://registry.npmjs.org/queue-microtask set size:undefined disposed:false
916 silly placeDep ROOT reusify@1.1.0 OK for: fastq@1.20.1 want: ^1.0.4
917 silly placeDep ROOT to-regex-range@5.0.1 OK for: fill-range@7.1.1 want: ^5.0.1
918 silly fetch manifest is-number@^7.0.0
919 silly packumentCache full:https://registry.npmjs.org/is-number cache-miss
920 http fetch GET 200 https://registry.npmjs.org/is-number 55ms (cache miss)
921 silly packumentCache full:https://registry.npmjs.org/is-number set size:undefined disposed:false
922 silly placeDep ROOT binary-extensions@2.3.0 OK for: is-binary-path@2.1.0 want: ^2.0.0
923 silly placeDep ROOT is-extglob@2.1.1 OK for: is-glob@4.0.3 want: ^2.1.1
924 silly placeDep ROOT read-cache@1.0.0 OK for: postcss-import@15.1.0 want: ^1.0.0
925 silly fetch manifest pify@^2.3.0
926 silly packumentCache full:https://registry.npmjs.org/pify cache-miss
927 http fetch GET 200 https://registry.npmjs.org/pify 84ms (cache miss)
928 silly packumentCache full:https://registry.npmjs.org/pify set size:undefined disposed:false
929 silly placeDep ROOT camelcase-css@2.0.1 OK for: postcss-js@4.1.0 want: ^2.0.1
930 silly placeDep ROOT cssesc@3.0.0 OK for: postcss-selector-parser@6.1.2 want: ^3.0.0
931 silly placeDep ROOT util-deprecate@1.0.2 OK for: postcss-selector-parser@6.1.2 want: ^1.0.2
932 silly placeDep ROOT pify@2.3.0 OK for: read-cache@1.0.0 want: ^2.3.0
933 silly placeDep ROOT is-core-module@2.16.1 OK for: resolve@1.22.11 want: ^2.16.1
934 silly placeDep ROOT path-parse@1.0.7 OK for: resolve@1.22.11 want: ^1.0.7
935 silly placeDep ROOT supports-preserve-symlinks-flag@1.0.0 OK for: resolve@1.22.11 want: ^1.0.0
936 silly placeDep ROOT queue-microtask@1.2.3 OK for: run-parallel@1.2.0 want: ^1.2.2
937 silly placeDep ROOT commander@4.1.1 OK for: sucrase@3.35.1 want: ^4.0.0
938 silly placeDep ROOT lines-and-columns@1.2.4 OK for: sucrase@3.35.1 want: ^1.1.6
939 silly placeDep ROOT mz@2.7.0 OK for: sucrase@3.35.1 want: ^2.7.0
940 silly placeDep ROOT pirates@4.0.7 OK for: sucrase@3.35.1 want: ^4.0.1
941 silly placeDep ROOT tinyglobby@0.2.15 OK for: sucrase@3.35.1 want: ^0.2.11
942 silly placeDep ROOT ts-interface-checker@0.1.13 OK for: sucrase@3.35.1 want: ^0.1.9
943 silly fetch manifest any-promise@^1.0.0
944 silly packumentCache full:https://registry.npmjs.org/any-promise cache-miss
945 silly fetch manifest object-assign@^4.0.1
946 silly packumentCache full:https://registry.npmjs.org/object-assign cache-miss
947 silly fetch manifest thenify-all@^1.0.0
948 silly packumentCache full:https://registry.npmjs.org/thenify-all cache-miss
949 silly fetch manifest fdir@^6.5.0
950 silly packumentCache full:https://registry.npmjs.org/fdir cache-miss
951 silly fetch manifest picomatch@^4.0.3
952 silly packumentCache full:https://registry.npmjs.org/picomatch cache-hit
953 http fetch GET 200 https://registry.npmjs.org/any-promise 68ms (cache miss)
954 silly packumentCache full:https://registry.npmjs.org/any-promise set size:undefined disposed:false
955 http fetch GET 200 https://registry.npmjs.org/object-assign 81ms (cache miss)
956 silly packumentCache full:https://registry.npmjs.org/object-assign set size:undefined disposed:false
957 http fetch GET 200 https://registry.npmjs.org/fdir 108ms (cache miss)
958 silly packumentCache full:https://registry.npmjs.org/fdir set size:undefined disposed:false
959 http fetch GET 200 https://registry.npmjs.org/thenify-all 349ms (cache miss)
960 silly packumentCache full:https://registry.npmjs.org/thenify-all set size:undefined disposed:false
961 silly placeDep ROOT any-promise@1.3.0 OK for: mz@2.7.0 want: ^1.0.0
962 silly placeDep ROOT object-assign@4.1.1 OK for: mz@2.7.0 want: ^4.0.1
963 silly placeDep ROOT thenify-all@1.6.0 OK for: mz@2.7.0 want: ^1.0.0
964 silly fetch manifest thenify@>= 3.1.0 < 4
965 silly packumentCache full:https://registry.npmjs.org/thenify cache-miss
966 http fetch GET 200 https://registry.npmjs.org/thenify 78ms (cache miss)
967 silly packumentCache full:https://registry.npmjs.org/thenify set size:undefined disposed:false
968 silly placeDep ROOT thenify@3.3.1 OK for: thenify-all@1.6.0 want: >= 3.1.0 < 4
969 silly placeDep node_modules/tinyglobby fdir@6.5.0 OK for: tinyglobby@0.2.15 want: ^6.5.0
970 silly placeDep node_modules/tinyglobby picomatch@4.0.3 OK for: fdir@6.5.0 want: ^3 || ^4
971 silly placeDep ROOT is-number@7.0.0 OK for: to-regex-range@5.0.1 want: ^7.0.0
972 silly placeDep ROOT escalade@3.2.0 OK for: update-browserslist-db@1.2.3 want: ^3.2.0
973 silly placeDep ROOT esbuild@0.21.5 OK for: vite@5.4.21 want: ^0.21.3
974 silly placeDep ROOT rollup@4.54.0 OK for: vite@5.4.21 want: ^4.20.0
975 silly fetch manifest @esbuild/aix-ppc64@0.21.5
976 silly packumentCache full:https://registry.npmjs.org/@esbuild%2faix-ppc64 cache-miss
977 silly fetch manifest @esbuild/linux-arm@0.21.5
978 silly packumentCache full:https://registry.npmjs.org/@esbuild%2flinux-arm cache-miss
979 silly fetch manifest @esbuild/linux-x64@0.21.5
980 silly packumentCache full:https://registry.npmjs.org/@esbuild%2flinux-x64 cache-miss
981 silly fetch manifest @esbuild/sunos-x64@0.21.5
982 silly packumentCache full:https://registry.npmjs.org/@esbuild%2fsunos-x64 cache-miss
983 silly fetch manifest @esbuild/win32-x64@0.21.5
984 silly packumentCache full:https://registry.npmjs.org/@esbuild%2fwin32-x64 cache-miss
985 silly fetch manifest @esbuild/darwin-x64@0.21.5
986 silly packumentCache full:https://registry.npmjs.org/@esbuild%2fdarwin-x64 cache-miss
987 silly fetch manifest @esbuild/linux-ia32@0.21.5
988 silly packumentCache full:https://registry.npmjs.org/@esbuild%2flinux-ia32 cache-miss
989 http fetch GET 200 https://registry.npmjs.org/@esbuild%2faix-ppc64 349ms (cache miss)
990 silly packumentCache full:https://registry.npmjs.org/@esbuild%2faix-ppc64 set size:undefined disposed:false
991 silly fetch manifest @esbuild/netbsd-x64@0.21.5
992 silly packumentCache full:https://registry.npmjs.org/@esbuild%2fnetbsd-x64 cache-miss
993 http fetch GET 200 https://registry.npmjs.org/@esbuild%2fwin32-x64 351ms (cache miss)
994 silly packumentCache full:https://registry.npmjs.org/@esbuild%2fwin32-x64 set size:undefined disposed:false
995 silly fetch manifest @esbuild/win32-ia32@0.21.5
996 silly packumentCache full:https://registry.npmjs.org/@esbuild%2fwin32-ia32 cache-miss
997 http fetch GET 200 https://registry.npmjs.org/@esbuild%2flinux-ia32 354ms (cache miss)
998 silly packumentCache full:https://registry.npmjs.org/@esbuild%2flinux-ia32 set size:undefined disposed:false
999 silly fetch manifest @esbuild/android-arm@0.21.5
1000 silly packumentCache full:https://registry.npmjs.org/@esbuild%2fandroid-arm cache-miss
1001 http fetch GET 200 https://registry.npmjs.org/@esbuild%2flinux-arm 360ms (cache miss)
1002 silly packumentCache full:https://registry.npmjs.org/@esbuild%2flinux-arm set size:undefined disposed:false
1003 silly fetch manifest @esbuild/android-x64@0.21.5
1004 silly packumentCache full:https://registry.npmjs.org/@esbuild%2fandroid-x64 cache-miss
1005 http fetch GET 200 https://registry.npmjs.org/@esbuild%2fdarwin-x64 647ms (cache miss)
1006 silly packumentCache full:https://registry.npmjs.org/@esbuild%2fdarwin-x64 set size:undefined disposed:false
1007 silly fetch manifest @esbuild/freebsd-x64@0.21.5
1008 silly packumentCache full:https://registry.npmjs.org/@esbuild%2ffreebsd-x64 cache-miss
1009 http fetch GET 200 https://registry.npmjs.org/@esbuild%2flinux-x64 654ms (cache miss)
1010 silly packumentCache full:https://registry.npmjs.org/@esbuild%2flinux-x64 set size:undefined disposed:false
1011 silly fetch manifest @esbuild/linux-arm64@0.21.5
1012 silly packumentCache full:https://registry.npmjs.org/@esbuild%2flinux-arm64 cache-miss
1013 http fetch GET 200 https://registry.npmjs.org/@esbuild%2fsunos-x64 658ms (cache miss)
1014 silly packumentCache full:https://registry.npmjs.org/@esbuild%2fsunos-x64 set size:undefined disposed:false
1015 silly fetch manifest @esbuild/linux-ppc64@0.21.5
1016 silly packumentCache full:https://registry.npmjs.org/@esbuild%2flinux-ppc64 cache-miss
1017 http fetch GET 200 https://registry.npmjs.org/@esbuild%2fwin32-ia32 308ms (cache miss)
1018 silly packumentCache full:https://registry.npmjs.org/@esbuild%2fwin32-ia32 set size:undefined disposed:false
1019 silly fetch manifest @esbuild/linux-s390x@0.21.5
1020 silly packumentCache full:https://registry.npmjs.org/@esbuild%2flinux-s390x cache-miss
1021 http fetch GET 200 https://registry.npmjs.org/@esbuild%2fnetbsd-x64 465ms (cache miss)
1022 silly packumentCache full:https://registry.npmjs.org/@esbuild%2fnetbsd-x64 set size:undefined disposed:false
1023 silly fetch manifest @esbuild/openbsd-x64@0.21.5
1024 silly packumentCache full:https://registry.npmjs.org/@esbuild%2fopenbsd-x64 cache-miss
1025 http fetch GET 200 https://registry.npmjs.org/@esbuild%2ffreebsd-x64 222ms (cache miss)
1026 silly packumentCache full:https://registry.npmjs.org/@esbuild%2ffreebsd-x64 set size:undefined disposed:false
1027 silly fetch manifest @esbuild/win32-arm64@0.21.5
1028 silly packumentCache full:https://registry.npmjs.org/@esbuild%2fwin32-arm64 cache-miss
1029 http fetch GET 200 https://registry.npmjs.org/@esbuild%2fandroid-arm 797ms (cache miss)
1030 silly packumentCache full:https://registry.npmjs.org/@esbuild%2fandroid-arm set size:undefined disposed:false
1031 silly fetch manifest @esbuild/darwin-arm64@0.21.5
1032 silly packumentCache full:https://registry.npmjs.org/@esbuild%2fdarwin-arm64 cache-miss
1033 http fetch GET 200 https://registry.npmjs.org/@esbuild%2flinux-s390x 525ms (cache miss)
1034 silly packumentCache full:https://registry.npmjs.org/@esbuild%2flinux-s390x set size:undefined disposed:false
1035 silly fetch manifest @esbuild/android-arm64@0.21.5
1036 silly packumentCache full:https://registry.npmjs.org/@esbuild%2fandroid-arm64 cache-miss
1037 http fetch GET 200 https://registry.npmjs.org/@esbuild%2flinux-ppc64 546ms (cache miss)
1038 silly packumentCache full:https://registry.npmjs.org/@esbuild%2flinux-ppc64 set size:undefined disposed:false
1039 silly fetch manifest @esbuild/freebsd-arm64@0.21.5
1040 silly packumentCache full:https://registry.npmjs.org/@esbuild%2ffreebsd-arm64 cache-miss
1041 http fetch GET 200 https://registry.npmjs.org/@esbuild%2fopenbsd-x64 535ms (cache miss)
1042 silly packumentCache full:https://registry.npmjs.org/@esbuild%2fopenbsd-x64 set size:undefined disposed:false
1043 silly fetch manifest @esbuild/linux-loong64@0.21.5
1044 silly packumentCache full:https://registry.npmjs.org/@esbuild%2flinux-loong64 cache-miss
1045 http fetch GET 200 https://registry.npmjs.org/@esbuild%2fwin32-arm64 500ms (cache miss)
1046 silly packumentCache full:https://registry.npmjs.org/@esbuild%2fwin32-arm64 set size:undefined disposed:false
1047 silly fetch manifest @esbuild/linux-riscv64@0.21.5
1048 silly packumentCache full:https://registry.npmjs.org/@esbuild%2flinux-riscv64 cache-miss
1049 http fetch GET 200 https://registry.npmjs.org/@esbuild%2fandroid-x64 1041ms (cache miss)
1050 silly packumentCache full:https://registry.npmjs.org/@esbuild%2fandroid-x64 set size:undefined disposed:false
1051 silly fetch manifest @esbuild/linux-mips64el@0.21.5
1052 silly packumentCache full:https://registry.npmjs.org/@esbuild%2flinux-mips64el cache-miss
1053 http fetch GET 200 https://registry.npmjs.org/@esbuild%2ffreebsd-arm64 235ms (cache miss)
1054 silly packumentCache full:https://registry.npmjs.org/@esbuild%2ffreebsd-arm64 set size:undefined disposed:false
1055 silly fetch manifest @types/estree@1.0.8
1056 silly packumentCache full:https://registry.npmjs.org/@types%2festree cache-miss
1057 http fetch GET 200 https://registry.npmjs.org/@esbuild%2fandroid-arm64 278ms (cache miss)
1058 silly packumentCache full:https://registry.npmjs.org/@esbuild%2fandroid-arm64 set size:undefined disposed:false
1059 silly fetch manifest @rollup/rollup-darwin-arm64@4.54.0
1060 silly packumentCache full:https://registry.npmjs.org/@rollup%2frollup-darwin-arm64 cache-miss
1061 http fetch GET 200 https://registry.npmjs.org/@types%2festree 110ms (cache miss)
1062 silly packumentCache full:https://registry.npmjs.org/@types%2festree set size:undefined disposed:false
1063 silly fetch manifest @rollup/rollup-android-arm64@4.54.0
1064 silly packumentCache full:https://registry.npmjs.org/@rollup%2frollup-android-arm64 cache-miss
1065 http fetch GET 200 https://registry.npmjs.org/@esbuild%2flinux-riscv64 230ms (cache miss)
1066 silly packumentCache full:https://registry.npmjs.org/@esbuild%2flinux-riscv64 set size:undefined disposed:false
1067 silly fetch manifest @rollup/rollup-win32-arm64-msvc@4.54.0
1068 silly packumentCache full:https://registry.npmjs.org/@rollup%2frollup-win32-arm64-msvc cache-miss
1069 http fetch GET 200 https://registry.npmjs.org/@esbuild%2flinux-loong64 257ms (cache miss)
1070 silly packumentCache full:https://registry.npmjs.org/@esbuild%2flinux-loong64 set size:undefined disposed:false
1071 silly fetch manifest @rollup/rollup-freebsd-arm64@4.54.0
1072 silly packumentCache full:https://registry.npmjs.org/@rollup%2frollup-freebsd-arm64 cache-miss
1073 http fetch GET 200 https://registry.npmjs.org/@rollup%2frollup-android-arm64 242ms (cache miss)
1074 silly packumentCache full:https://registry.npmjs.org/@rollup%2frollup-android-arm64 set size:undefined disposed:false
1075 silly fetch manifest @rollup/rollup-linux-arm64-gnu@4.54.0
1076 silly packumentCache full:https://registry.npmjs.org/@rollup%2frollup-linux-arm64-gnu cache-miss
1077 http fetch GET 200 https://registry.npmjs.org/@esbuild%2fdarwin-arm64 800ms (cache miss)
1078 silly packumentCache full:https://registry.npmjs.org/@esbuild%2fdarwin-arm64 set size:undefined disposed:false
1079 silly fetch manifest @rollup/rollup-linux-arm64-musl@4.54.0
1080 silly packumentCache full:https://registry.npmjs.org/@rollup%2frollup-linux-arm64-musl cache-miss
1081 http fetch GET 200 https://registry.npmjs.org/@esbuild%2flinux-arm64 1335ms (cache miss)
1082 silly packumentCache full:https://registry.npmjs.org/@esbuild%2flinux-arm64 set size:undefined disposed:false
1083 silly fetch manifest @rollup/rollup-android-arm-eabi@4.54.0
1084 silly packumentCache full:https://registry.npmjs.org/@rollup%2frollup-android-arm-eabi cache-miss
1085 http fetch GET 200 https://registry.npmjs.org/@rollup%2frollup-darwin-arm64 577ms (cache miss)
1086 silly packumentCache full:https://registry.npmjs.org/@rollup%2frollup-darwin-arm64 set size:undefined disposed:false
1087 silly fetch manifest @rollup/rollup-linux-arm-gnueabihf@4.54.0
1088 silly packumentCache full:https://registry.npmjs.org/@rollup%2frollup-linux-arm-gnueabihf cache-miss
1089 http fetch GET 200 https://registry.npmjs.org/@rollup%2frollup-linux-arm64-gnu 253ms (cache miss)
1090 silly packumentCache full:https://registry.npmjs.org/@rollup%2frollup-linux-arm64-gnu set size:undefined disposed:false
1091 silly fetch manifest @rollup/rollup-linux-arm-musleabihf@4.54.0
1092 silly packumentCache full:https://registry.npmjs.org/@rollup%2frollup-linux-arm-musleabihf cache-miss
1093 http fetch GET 200 https://registry.npmjs.org/@rollup%2frollup-freebsd-arm64 521ms (cache miss)
1094 silly packumentCache full:https://registry.npmjs.org/@rollup%2frollup-freebsd-arm64 set size:undefined disposed:false
1095 silly fetch manifest @rollup/rollup-win32-ia32-msvc@4.54.0
1096 silly packumentCache full:https://registry.npmjs.org/@rollup%2frollup-win32-ia32-msvc cache-miss
1097 http fetch GET 200 https://registry.npmjs.org/@rollup%2frollup-win32-ia32-msvc 283ms (cache miss)
1098 silly packumentCache full:https://registry.npmjs.org/@rollup%2frollup-win32-ia32-msvc set size:undefined disposed:false
1099 silly fetch manifest @rollup/rollup-linux-loong64-gnu@4.54.0
1100 silly packumentCache full:https://registry.npmjs.org/@rollup%2frollup-linux-loong64-gnu cache-miss
1101 http fetch GET 200 https://registry.npmjs.org/@rollup%2frollup-win32-arm64-msvc 819ms (cache miss)
1102 silly packumentCache full:https://registry.npmjs.org/@rollup%2frollup-win32-arm64-msvc set size:undefined disposed:false
1103 silly fetch manifest @rollup/rollup-linux-riscv64-gnu@4.54.0
1104 silly packumentCache full:https://registry.npmjs.org/@rollup%2frollup-linux-riscv64-gnu cache-miss
1105 http fetch GET 200 https://registry.npmjs.org/@rollup%2frollup-linux-arm64-musl 484ms (cache miss)
1106 silly packumentCache full:https://registry.npmjs.org/@rollup%2frollup-linux-arm64-musl set size:undefined disposed:false
1107 silly fetch manifest @rollup/rollup-linux-riscv64-musl@4.54.0
1108 silly packumentCache full:https://registry.npmjs.org/@rollup%2frollup-linux-riscv64-musl cache-miss
1109 http fetch GET 200 https://registry.npmjs.org/@rollup%2frollup-android-arm-eabi 819ms (cache miss)
1110 silly packumentCache full:https://registry.npmjs.org/@rollup%2frollup-android-arm-eabi set size:undefined disposed:false
1111 silly fetch manifest @rollup/rollup-linux-ppc64-gnu@4.54.0
1112 silly packumentCache full:https://registry.npmjs.org/@rollup%2frollup-linux-ppc64-gnu cache-miss
1113 http fetch GET 200 https://registry.npmjs.org/@rollup%2frollup-linux-arm-musleabihf 808ms (cache miss)
1114 silly packumentCache full:https://registry.npmjs.org/@rollup%2frollup-linux-arm-musleabihf set size:undefined disposed:false
1115 silly fetch manifest @rollup/rollup-linux-s390x-gnu@4.54.0
1116 silly packumentCache full:https://registry.npmjs.org/@rollup%2frollup-linux-s390x-gnu cache-miss
1117 http fetch GET 200 https://registry.npmjs.org/@rollup%2frollup-linux-loong64-gnu 505ms (cache miss)
1118 silly packumentCache full:https://registry.npmjs.org/@rollup%2frollup-linux-loong64-gnu set size:undefined disposed:false
1119 silly fetch manifest @rollup/rollup-darwin-x64@4.54.0
1120 silly packumentCache full:https://registry.npmjs.org/@rollup%2frollup-darwin-x64 cache-miss
1121 http fetch GET 200 https://registry.npmjs.org/@rollup%2frollup-linux-ppc64-gnu 252ms (cache miss)
1122 silly packumentCache full:https://registry.npmjs.org/@rollup%2frollup-linux-ppc64-gnu set size:undefined disposed:false
1123 silly fetch manifest @rollup/rollup-win32-x64-gnu@4.54.0
1124 silly packumentCache full:https://registry.npmjs.org/@rollup%2frollup-win32-x64-gnu cache-miss
1125 http fetch GET 200 https://registry.npmjs.org/@rollup%2frollup-linux-arm-gnueabihf 1095ms (cache miss)
1126 silly packumentCache full:https://registry.npmjs.org/@rollup%2frollup-linux-arm-gnueabihf set size:undefined disposed:false
1127 silly fetch manifest @rollup/rollup-win32-x64-msvc@4.54.0
1128 silly packumentCache full:https://registry.npmjs.org/@rollup%2frollup-win32-x64-msvc cache-miss
1129 http fetch GET 200 https://registry.npmjs.org/@rollup%2frollup-linux-s390x-gnu 336ms (cache miss)
1130 silly packumentCache full:https://registry.npmjs.org/@rollup%2frollup-linux-s390x-gnu set size:undefined disposed:false
1131 silly fetch manifest @rollup/rollup-freebsd-x64@4.54.0
1132 silly packumentCache full:https://registry.npmjs.org/@rollup%2frollup-freebsd-x64 cache-miss
1133 http fetch GET 200 https://registry.npmjs.org/@rollup%2frollup-linux-riscv64-musl 811ms (cache miss)
1134 silly packumentCache full:https://registry.npmjs.org/@rollup%2frollup-linux-riscv64-musl set size:undefined disposed:false
1135 silly fetch manifest @rollup/rollup-linux-x64-gnu@4.54.0
1136 silly packumentCache full:https://registry.npmjs.org/@rollup%2frollup-linux-x64-gnu cache-miss
1137 http fetch GET 200 https://registry.npmjs.org/@esbuild%2flinux-mips64el 1924ms (cache miss)
1138 silly packumentCache full:https://registry.npmjs.org/@esbuild%2flinux-mips64el set size:undefined disposed:false
1139 silly fetch manifest @rollup/rollup-linux-x64-musl@4.54.0
1140 silly packumentCache full:https://registry.npmjs.org/@rollup%2frollup-linux-x64-musl cache-miss
1141 http fetch GET 200 https://registry.npmjs.org/@rollup%2frollup-darwin-x64 809ms (cache miss)
1142 silly packumentCache full:https://registry.npmjs.org/@rollup%2frollup-darwin-x64 set size:undefined disposed:false
1143 silly fetch manifest @rollup/rollup-openharmony-arm64@4.54.0
1144 silly packumentCache full:https://registry.npmjs.org/@rollup%2frollup-openharmony-arm64 cache-miss
1145 http fetch GET 200 https://registry.npmjs.org/@rollup%2frollup-win32-x64-msvc 590ms (cache miss)
1146 silly packumentCache full:https://registry.npmjs.org/@rollup%2frollup-win32-x64-msvc set size:undefined disposed:false
1147 http fetch GET 200 https://registry.npmjs.org/@rollup%2frollup-freebsd-x64 809ms (cache miss)
1148 silly packumentCache full:https://registry.npmjs.org/@rollup%2frollup-freebsd-x64 set size:undefined disposed:false
1149 http fetch GET 200 https://registry.npmjs.org/@rollup%2frollup-linux-x64-gnu 777ms (cache miss)
1150 silly packumentCache full:https://registry.npmjs.org/@rollup%2frollup-linux-x64-gnu set size:undefined disposed:false
1151 http fetch GET 200 https://registry.npmjs.org/@rollup%2frollup-linux-x64-musl 812ms (cache miss)
1152 silly packumentCache full:https://registry.npmjs.org/@rollup%2frollup-linux-x64-musl set size:undefined disposed:false
1153 http fetch GET 200 https://registry.npmjs.org/@rollup%2frollup-linux-riscv64-gnu 1952ms (cache miss)
1154 silly packumentCache full:https://registry.npmjs.org/@rollup%2frollup-linux-riscv64-gnu set size:undefined disposed:false
1155 http fetch GET 200 https://registry.npmjs.org/@rollup%2frollup-win32-x64-gnu 1428ms (cache miss)
1156 silly packumentCache full:https://registry.npmjs.org/@rollup%2frollup-win32-x64-gnu set size:undefined disposed:false
1157 http fetch GET 200 https://registry.npmjs.org/@rollup%2frollup-openharmony-arm64 762ms (cache miss)
1158 silly packumentCache full:https://registry.npmjs.org/@rollup%2frollup-openharmony-arm64 set size:undefined disposed:false
1159 silly placeDep ROOT @esbuild/aix-ppc64@0.21.5 OK for: esbuild@0.21.5 want: 0.21.5
1160 silly placeDep ROOT @esbuild/android-arm@0.21.5 OK for: esbuild@0.21.5 want: 0.21.5
1161 silly placeDep ROOT @esbuild/android-arm64@0.21.5 OK for: esbuild@0.21.5 want: 0.21.5
1162 silly placeDep ROOT @esbuild/android-x64@0.21.5 OK for: esbuild@0.21.5 want: 0.21.5
1163 silly placeDep ROOT @esbuild/darwin-arm64@0.21.5 OK for: esbuild@0.21.5 want: 0.21.5
1164 silly placeDep ROOT @esbuild/darwin-x64@0.21.5 OK for: esbuild@0.21.5 want: 0.21.5
1165 silly placeDep ROOT @esbuild/freebsd-arm64@0.21.5 OK for: esbuild@0.21.5 want: 0.21.5
1166 silly placeDep ROOT @esbuild/freebsd-x64@0.21.5 OK for: esbuild@0.21.5 want: 0.21.5
1167 silly placeDep ROOT @esbuild/linux-arm@0.21.5 OK for: esbuild@0.21.5 want: 0.21.5
1168 silly placeDep ROOT @esbuild/linux-arm64@0.21.5 OK for: esbuild@0.21.5 want: 0.21.5
1169 silly placeDep ROOT @esbuild/linux-ia32@0.21.5 OK for: esbuild@0.21.5 want: 0.21.5
1170 silly placeDep ROOT @esbuild/linux-loong64@0.21.5 OK for: esbuild@0.21.5 want: 0.21.5
1171 silly placeDep ROOT @esbuild/linux-mips64el@0.21.5 OK for: esbuild@0.21.5 want: 0.21.5
1172 silly placeDep ROOT @esbuild/linux-ppc64@0.21.5 OK for: esbuild@0.21.5 want: 0.21.5
1173 silly placeDep ROOT @esbuild/linux-riscv64@0.21.5 OK for: esbuild@0.21.5 want: 0.21.5
1174 silly placeDep ROOT @esbuild/linux-s390x@0.21.5 OK for: esbuild@0.21.5 want: 0.21.5
1175 silly placeDep ROOT @esbuild/linux-x64@0.21.5 OK for: esbuild@0.21.5 want: 0.21.5
1176 silly placeDep ROOT @esbuild/netbsd-x64@0.21.5 OK for: esbuild@0.21.5 want: 0.21.5
1177 silly placeDep ROOT @esbuild/openbsd-x64@0.21.5 OK for: esbuild@0.21.5 want: 0.21.5
1178 silly placeDep ROOT @esbuild/sunos-x64@0.21.5 OK for: esbuild@0.21.5 want: 0.21.5
1179 silly placeDep ROOT @esbuild/win32-arm64@0.21.5 OK for: esbuild@0.21.5 want: 0.21.5
1180 silly placeDep ROOT @esbuild/win32-ia32@0.21.5 OK for: esbuild@0.21.5 want: 0.21.5
1181 silly placeDep ROOT @esbuild/win32-x64@0.21.5 OK for: esbuild@0.21.5 want: 0.21.5
1182 silly placeDep ROOT @rollup/rollup-android-arm-eabi@4.54.0 OK for: rollup@4.54.0 want: 4.54.0
1183 silly placeDep ROOT @rollup/rollup-android-arm64@4.54.0 OK for: rollup@4.54.0 want: 4.54.0
1184 silly placeDep ROOT @rollup/rollup-darwin-arm64@4.54.0 OK for: rollup@4.54.0 want: 4.54.0
1185 silly placeDep ROOT @rollup/rollup-darwin-x64@4.54.0 OK for: rollup@4.54.0 want: 4.54.0
1186 silly placeDep ROOT @rollup/rollup-freebsd-arm64@4.54.0 OK for: rollup@4.54.0 want: 4.54.0
1187 silly placeDep ROOT @rollup/rollup-freebsd-x64@4.54.0 OK for: rollup@4.54.0 want: 4.54.0
1188 silly placeDep ROOT @rollup/rollup-linux-arm-gnueabihf@4.54.0 OK for: rollup@4.54.0 want: 4.54.0
1189 silly placeDep ROOT @rollup/rollup-linux-arm-musleabihf@4.54.0 OK for: rollup@4.54.0 want: 4.54.0
1190 silly placeDep ROOT @rollup/rollup-linux-arm64-gnu@4.54.0 OK for: rollup@4.54.0 want: 4.54.0
1191 silly placeDep ROOT @rollup/rollup-linux-arm64-musl@4.54.0 OK for: rollup@4.54.0 want: 4.54.0
1192 silly placeDep ROOT @rollup/rollup-linux-loong64-gnu@4.54.0 OK for: rollup@4.54.0 want: 4.54.0
1193 silly placeDep ROOT @rollup/rollup-linux-ppc64-gnu@4.54.0 OK for: rollup@4.54.0 want: 4.54.0
1194 silly placeDep ROOT @rollup/rollup-linux-riscv64-gnu@4.54.0 OK for: rollup@4.54.0 want: 4.54.0
1195 silly placeDep ROOT @rollup/rollup-linux-riscv64-musl@4.54.0 OK for: rollup@4.54.0 want: 4.54.0
1196 silly placeDep ROOT @rollup/rollup-linux-s390x-gnu@4.54.0 OK for: rollup@4.54.0 want: 4.54.0
1197 silly placeDep ROOT @rollup/rollup-linux-x64-gnu@4.54.0 OK for: rollup@4.54.0 want: 4.54.0
1198 silly placeDep ROOT @rollup/rollup-linux-x64-musl@4.54.0 OK for: rollup@4.54.0 want: 4.54.0
1199 silly placeDep ROOT @rollup/rollup-openharmony-arm64@4.54.0 OK for: rollup@4.54.0 want: 4.54.0
1200 silly placeDep ROOT @rollup/rollup-win32-arm64-msvc@4.54.0 OK for: rollup@4.54.0 want: 4.54.0
1201 silly placeDep ROOT @rollup/rollup-win32-ia32-msvc@4.54.0 OK for: rollup@4.54.0 want: 4.54.0
1202 silly placeDep ROOT @rollup/rollup-win32-x64-gnu@4.54.0 OK for: rollup@4.54.0 want: 4.54.0
1203 silly placeDep ROOT @rollup/rollup-win32-x64-msvc@4.54.0 OK for: rollup@4.54.0 want: 4.54.0
1204 silly placeDep ROOT @types/estree@1.0.8 OK for: rollup@4.54.0 want: 1.0.8
1205 silly reify moves {}
1206 silly audit bulk request {
1206 silly audit   '@types/react': [ '18.3.27' ],
1206 silly audit   '@types/react-dom': [ '18.3.7' ],
1206 silly audit   '@vitejs/plugin-react': [ '4.7.0' ],
1206 silly audit   vite: [ '5.4.21' ],
1206 silly audit   autoprefixer: [ '10.4.23' ],
1206 silly audit   postcss: [ '8.5.6' ],
1206 silly audit   axios: [ '1.13.2' ],
1206 silly audit   react: [ '18.3.1' ],
1206 silly audit   'react-dom': [ '18.3.1' ],
1206 silly audit   'react-router-dom': [ '6.30.2' ],
1206 silly audit   'socket.io-client': [ '4.8.3' ],
1206 silly audit   tailwindcss: [ '3.4.19' ],
1206 silly audit   '@types/prop-types': [ '15.7.15' ],
1206 silly audit   csstype: [ '3.2.3' ],
1206 silly audit   '@babel/core': [ '7.28.5' ],
1206 silly audit   '@babel/plugin-transform-react-jsx-self': [ '7.27.1' ],
1206 silly audit   '@babel/plugin-transform-react-jsx-source': [ '7.27.1' ],
1206 silly audit   '@rolldown/pluginutils': [ '1.0.0-beta.27' ],
1206 silly audit   '@types/babel__core': [ '7.20.5' ],
1206 silly audit   'react-refresh': [ '0.17.0' ],
1206 silly audit   '@babel/code-frame': [ '7.27.1' ],
1206 silly audit   '@babel/generator': [ '7.28.5' ],
1206 silly audit   '@babel/helper-compilation-targets': [ '7.27.2' ],
1206 silly audit   '@babel/helper-module-transforms': [ '7.28.3' ],
1206 silly audit   '@babel/helpers': [ '7.28.4' ],
1206 silly audit   '@babel/parser': [ '7.28.5' ],
1206 silly audit   '@babel/template': [ '7.27.2' ],
1206 silly audit   '@babel/traverse': [ '7.28.5' ],
1206 silly audit   '@babel/types': [ '7.28.5' ],
1206 silly audit   '@jridgewell/remapping': [ '2.3.5' ],
1206 silly audit   'convert-source-map': [ '2.0.0' ],
1206 silly audit   debug: [ '4.4.3' ],
1206 silly audit   gensync: [ '1.0.0-beta.2' ],
1206 silly audit   json5: [ '2.2.3' ],
1206 silly audit   semver: [ '6.3.1' ],
1206 silly audit   '@babel/helper-validator-identifier': [ '7.28.5' ],
1206 silly audit   'js-tokens': [ '4.0.0' ],
1206 silly audit   picocolors: [ '1.1.1' ],
1206 silly audit   '@jridgewell/gen-mapping': [ '0.3.13' ],
1206 silly audit   '@jridgewell/trace-mapping': [ '0.3.31' ],
1206 silly audit   jsesc: [ '3.1.0' ],
1206 silly audit   '@babel/compat-data': [ '7.28.5' ],
1206 silly audit   '@babel/helper-validator-option': [ '7.27.1' ],
1206 silly audit   browserslist: [ '4.28.1' ],
1206 silly audit   'lru-cache': [ '5.1.1' ],
1206 silly audit   '@babel/helper-module-imports': [ '7.27.1' ],
1206 silly audit   '@babel/helper-plugin-utils': [ '7.27.1' ],
1206 silly audit   '@babel/helper-globals': [ '7.28.0' ],
1206 silly audit   '@babel/helper-string-parser': [ '7.27.1' ],
1206 silly audit   '@jridgewell/sourcemap-codec': [ '1.5.5' ],
1206 silly audit   '@jridgewell/resolve-uri': [ '3.1.2' ],
1206 silly audit   '@types/babel__generator': [ '7.27.0' ],
1206 silly audit   '@types/babel__template': [ '7.4.4' ],
1206 silly audit   '@types/babel__traverse': [ '7.28.0' ],
1206 silly audit   'caniuse-lite': [ '1.0.30001762' ],
1206 silly audit   'fraction.js': [ '5.3.4' ],
1206 silly audit   'postcss-value-parser': [ '4.2.0' ],
1206 silly audit   'follow-redirects': [ '1.15.11' ],
1206 silly audit   'form-data': [ '4.0.5' ],
1206 silly audit   'proxy-from-env': [ '1.1.0' ],
1206 silly audit   'baseline-browser-mapping': [ '2.9.11' ],
1206 silly audit   'electron-to-chromium': [ '1.5.267' ],
1206 silly audit   'node-releases': [ '2.0.27' ],
1206 silly audit   'update-browserslist-db': [ '1.2.3' ],
1206 silly audit   ms: [ '2.1.3' ],
1206 silly audit   asynckit: [ '0.4.0' ],
1206 silly audit   'combined-stream': [ '1.0.8' ],
1206 silly audit   'es-set-tostringtag': [ '2.1.0' ],
1206 silly audit   hasown: [ '2.0.2' ],
1206 silly audit   'mime-types': [ '2.1.35' ],
1206 silly audit   'delayed-stream': [ '1.0.0' ],
1206 silly audit   'es-errors': [ '1.3.0' ],
1206 silly audit   'get-intrinsic': [ '1.3.0' ],
1206 silly audit   'has-tostringtag': [ '1.0.2' ],
1206 silly audit   'call-bind-apply-helpers': [ '1.0.2' ],
1206 silly audit   'es-define-property': [ '1.0.1' ],
1206 silly audit   'es-object-atoms': [ '1.1.1' ],
1206 silly audit   'function-bind': [ '1.1.2' ],
1206 silly audit   'get-proto': [ '1.0.1' ],
1206 silly audit   gopd: [ '1.2.0' ],
1206 silly audit   'has-symbols': [ '1.1.0' ],
1206 silly audit   'math-intrinsics': [ '1.1.0' ],
1206 silly audit   'dunder-proto': [ '1.0.1' ],
1206 silly audit   yallist: [ '3.1.1' ],
1206 silly audit   'mime-db': [ '1.52.0' ],
1206 silly audit   nanoid: [ '3.3.11' ],
1206 silly audit   'source-map-js': [ '1.2.1' ],
1206 silly audit   'loose-envify': [ '1.4.0' ],
1206 silly audit   scheduler: [ '0.23.2' ],
1206 silly audit   '@remix-run/router': [ '1.23.1' ],
1206 silly audit   'react-router': [ '6.30.2' ],
1206 silly audit   '@socket.io/component-emitter': [ '3.1.2' ],
1206 silly audit   'engine.io-client': [ '6.6.4' ],
1206 silly audit   'socket.io-parser': [ '4.2.5' ],
1206 silly audit   'engine.io-parser': [ '5.2.3' ],
1206 silly audit   ws: [ '8.18.3' ],
1206 silly audit   'xmlhttprequest-ssl': [ '2.1.2' ],
1206 silly audit   '@alloc/quick-lru': [ '5.2.0' ],
1206 silly audit   arg: [ '5.0.2' ],
1206 silly audit   chokidar: [ '3.6.0' ],
1206 silly audit   didyoumean: [ '1.2.2' ],
1206 silly audit   dlv: [ '1.1.3' ],
1206 silly audit   'fast-glob': [ '3.3.3' ],
1206 silly audit   'glob-parent': [ '6.0.2', '5.1.2' ],
1206 silly audit   'is-glob': [ '4.0.3' ],
1206 silly audit   jiti: [ '1.21.7' ],
1206 silly audit   lilconfig: [ '3.1.3' ],
1206 silly audit   micromatch: [ '4.0.8' ],
1206 silly audit   'normalize-path': [ '3.0.0' ],
1206 silly audit   'object-hash': [ '3.0.0' ],
1206 silly audit   'postcss-import': [ '15.1.0' ],
1206 silly audit   'postcss-js': [ '4.1.0' ],
1206 silly audit   'postcss-load-config': [ '6.0.1' ],
1206 silly audit   'postcss-nested': [ '6.2.0' ],
1206 silly audit   'postcss-selector-parser': [ '6.1.2' ],
1206 silly audit   resolve: [ '1.22.11' ],
1206 silly audit   sucrase: [ '3.35.1' ],
1206 silly audit   anymatch: [ '3.1.3' ],
1206 silly audit   braces: [ '3.0.3' ],
1206 silly audit   fsevents: [ '2.3.3' ],
1206 silly audit   'is-binary-path': [ '2.1.0' ],
1206 silly audit   readdirp: [ '3.6.0' ],
1206 silly audit   picomatch: [ '2.3.1', '4.0.3' ],
1206 silly audit   'fill-range': [ '7.1.1' ],
1206 silly audit   '@nodelib/fs.stat': [ '2.0.5' ],
1206 silly audit   '@nodelib/fs.walk': [ '1.2.8' ],
1206 silly audit   merge2: [ '1.4.1' ],
1206 silly audit   '@nodelib/fs.scandir': [ '2.1.5' ],
1206 silly audit   fastq: [ '1.20.1' ],
1206 silly audit   'run-parallel': [ '1.2.0' ],
1206 silly audit   reusify: [ '1.1.0' ],
1206 silly audit   'to-regex-range': [ '5.0.1' ],
1206 silly audit   'binary-extensions': [ '2.3.0' ],
1206 silly audit   'is-extglob': [ '2.1.1' ],
1206 silly audit   'read-cache': [ '1.0.0' ],
1206 silly audit   'camelcase-css': [ '2.0.1' ],
1206 silly audit   cssesc: [ '3.0.0' ],
1206 silly audit   'util-deprecate': [ '1.0.2' ],
1206 silly audit   pify: [ '2.3.0' ],
1206 silly audit   'is-core-module': [ '2.16.1' ],
1206 silly audit   'path-parse': [ '1.0.7' ],
1206 silly audit   'supports-preserve-symlinks-flag': [ '1.0.0' ],
1206 silly audit   'queue-microtask': [ '1.2.3' ],
1206 silly audit   commander: [ '4.1.1' ],
1206 silly audit   'lines-and-columns': [ '1.2.4' ],
1206 silly audit   mz: [ '2.7.0' ],
1206 silly audit   pirates: [ '4.0.7' ],
1206 silly audit   tinyglobby: [ '0.2.15' ],
1206 silly audit   'ts-interface-checker': [ '0.1.13' ],
1206 silly audit   'any-promise': [ '1.3.0' ],
1206 silly audit   'object-assign': [ '4.1.1' ],
1206 silly audit   'thenify-all': [ '1.6.0' ],
1206 silly audit   thenify: [ '3.3.1' ],
1206 silly audit   fdir: [ '6.5.0' ],
1206 silly audit   'is-number': [ '7.0.0' ],
1206 silly audit   escalade: [ '3.2.0' ],
1206 silly audit   esbuild: [ '0.21.5' ],
1206 silly audit   rollup: [ '4.54.0' ],
1206 silly audit   '@esbuild/aix-ppc64': [ '0.21.5' ],
1206 silly audit   '@esbuild/android-arm': [ '0.21.5' ],
1206 silly audit   '@esbuild/android-arm64': [ '0.21.5' ],
1206 silly audit   '@esbuild/android-x64': [ '0.21.5' ],
1206 silly audit   '@esbuild/darwin-arm64': [ '0.21.5' ],
1206 silly audit   '@esbuild/darwin-x64': [ '0.21.5' ],
1206 silly audit   '@esbuild/freebsd-arm64': [ '0.21.5' ],
1206 silly audit   '@esbuild/freebsd-x64': [ '0.21.5' ],
1206 silly audit   '@esbuild/linux-arm': [ '0.21.5' ],
1206 silly audit   '@esbuild/linux-arm64': [ '0.21.5' ],
1206 silly audit   '@esbuild/linux-ia32': [ '0.21.5' ],
1206 silly audit   '@esbuild/linux-loong64': [ '0.21.5' ],
1206 silly audit   '@esbuild/linux-mips64el': [ '0.21.5' ],
1206 silly audit   '@esbuild/linux-ppc64': [ '0.21.5' ],
1206 silly audit   '@esbuild/linux-riscv64': [ '0.21.5' ],
1206 silly audit   '@esbuild/linux-s390x': [ '0.21.5' ],
1206 silly audit   '@esbuild/linux-x64': [ '0.21.5' ],
1206 silly audit   '@esbuild/netbsd-x64': [ '0.21.5' ],
1206 silly audit   '@esbuild/openbsd-x64': [ '0.21.5' ],
1206 silly audit   '@esbuild/sunos-x64': [ '0.21.5' ],
1206 silly audit   '@esbuild/win32-arm64': [ '0.21.5' ],
1206 silly audit   '@esbuild/win32-ia32': [ '0.21.5' ],
1206 silly audit   '@esbuild/win32-x64': [ '0.21.5' ],
1206 silly audit   '@rollup/rollup-android-arm-eabi': [ '4.54.0' ],
1206 silly audit   '@rollup/rollup-android-arm64': [ '4.54.0' ],
1206 silly audit   '@rollup/rollup-darwin-arm64': [ '4.54.0' ],
1206 silly audit   '@rollup/rollup-darwin-x64': [ '4.54.0' ],
1206 silly audit   '@rollup/rollup-freebsd-arm64': [ '4.54.0' ],
1206 silly audit   '@rollup/rollup-freebsd-x64': [ '4.54.0' ],
1206 silly audit   '@rollup/rollup-linux-arm-gnueabihf': [ '4.54.0' ],
1206 silly audit   '@rollup/rollup-linux-arm-musleabihf': [ '4.54.0' ],
1206 silly audit   '@rollup/rollup-linux-arm64-gnu': [ '4.54.0' ],
1206 silly audit   '@rollup/rollup-linux-arm64-musl': [ '4.54.0' ],
1206 silly audit   '@rollup/rollup-linux-loong64-gnu': [ '4.54.0' ],
1206 silly audit   '@rollup/rollup-linux-ppc64-gnu': [ '4.54.0' ],
1206 silly audit   '@rollup/rollup-linux-riscv64-gnu': [ '4.54.0' ],
1206 silly audit   '@rollup/rollup-linux-riscv64-musl': [ '4.54.0' ],
1206 silly audit   '@rollup/rollup-linux-s390x-gnu': [ '4.54.0' ],
1206 silly audit   '@rollup/rollup-linux-x64-gnu': [ '4.54.0' ],
1206 silly audit   '@rollup/rollup-linux-x64-musl': [ '4.54.0' ],
1206 silly audit   '@rollup/rollup-openharmony-arm64': [ '4.54.0' ],
1206 silly audit   '@rollup/rollup-win32-arm64-msvc': [ '4.54.0' ],
1206 silly audit   '@rollup/rollup-win32-ia32-msvc': [ '4.54.0' ],
1206 silly audit   '@rollup/rollup-win32-x64-gnu': [ '4.54.0' ],
1206 silly audit   '@rollup/rollup-win32-x64-msvc': [ '4.54.0' ],
1206 silly audit   '@types/estree': [ '1.0.8' ]
1206 silly audit }
1207 verbose reify failed optional dependency C:\Users\hp\Desktop\projects\chat-app\frontend\node_modules\@rollup\rollup-win32-ia32-msvc
1208 silly reify mark deleted [
1208 silly reify   'C:\\Users\\hp\\Desktop\\projects\\chat-app\\frontend\\node_modules\\@rollup\\rollup-win32-ia32-msvc'
1208 silly reify ]
1209 verbose reify failed optional dependency C:\Users\hp\Desktop\projects\chat-app\frontend\node_modules\@rollup\rollup-win32-arm64-msvc
1210 silly reify mark deleted [
1210 silly reify   'C:\\Users\\hp\\Desktop\\projects\\chat-app\\frontend\\node_modules\\@rollup\\rollup-win32-arm64-msvc'
1210 silly reify ]
1211 verbose reify failed optional dependency C:\Users\hp\Desktop\projects\chat-app\frontend\node_modules\@rollup\rollup-openharmony-arm64
1212 silly reify mark deleted [
1212 silly reify   'C:\\Users\\hp\\Desktop\\projects\\chat-app\\frontend\\node_modules\\@rollup\\rollup-openharmony-arm64'
1212 silly reify ]
1213 verbose reify failed optional dependency C:\Users\hp\Desktop\projects\chat-app\frontend\node_modules\@rollup\rollup-linux-x64-musl
1214 silly reify mark deleted [
1214 silly reify   'C:\\Users\\hp\\Desktop\\projects\\chat-app\\frontend\\node_modules\\@rollup\\rollup-linux-x64-musl'
1214 silly reify ]
1215 verbose reify failed optional dependency C:\Users\hp\Desktop\projects\chat-app\frontend\node_modules\@rollup\rollup-linux-x64-gnu
1216 silly reify mark deleted [
1216 silly reify   'C:\\Users\\hp\\Desktop\\projects\\chat-app\\frontend\\node_modules\\@rollup\\rollup-linux-x64-gnu'
1216 silly reify ]
1217 verbose reify failed optional dependency C:\Users\hp\Desktop\projects\chat-app\frontend\node_modules\@rollup\rollup-linux-s390x-gnu
1218 silly reify mark deleted [
1218 silly reify   'C:\\Users\\hp\\Desktop\\projects\\chat-app\\frontend\\node_modules\\@rollup\\rollup-linux-s390x-gnu'
1218 silly reify ]
1219 verbose reify failed optional dependency C:\Users\hp\Desktop\projects\chat-app\frontend\node_modules\@rollup\rollup-linux-riscv64-musl
1220 silly reify mark deleted [
1220 silly reify   'C:\\Users\\hp\\Desktop\\projects\\chat-app\\frontend\\node_modules\\@rollup\\rollup-linux-riscv64-musl'
1220 silly reify ]
1221 verbose reify failed optional dependency C:\Users\hp\Desktop\projects\chat-app\frontend\node_modules\@rollup\rollup-linux-riscv64-gnu
1222 silly reify mark deleted [
1222 silly reify   'C:\\Users\\hp\\Desktop\\projects\\chat-app\\frontend\\node_modules\\@rollup\\rollup-linux-riscv64-gnu'
1222 silly reify ]
1223 verbose reify failed optional dependency C:\Users\hp\Desktop\projects\chat-app\frontend\node_modules\@rollup\rollup-linux-ppc64-gnu
1224 silly reify mark deleted [
1224 silly reify   'C:\\Users\\hp\\Desktop\\projects\\chat-app\\frontend\\node_modules\\@rollup\\rollup-linux-ppc64-gnu'
1224 silly reify ]
1225 verbose reify failed optional dependency C:\Users\hp\Desktop\projects\chat-app\frontend\node_modules\@rollup\rollup-linux-loong64-gnu
1226 silly reify mark deleted [
1226 silly reify   'C:\\Users\\hp\\Desktop\\projects\\chat-app\\frontend\\node_modules\\@rollup\\rollup-linux-loong64-gnu'
1226 silly reify ]
1227 verbose reify failed optional dependency C:\Users\hp\Desktop\projects\chat-app\frontend\node_modules\@rollup\rollup-linux-arm64-musl
1228 silly reify mark deleted [
1228 silly reify   'C:\\Users\\hp\\Desktop\\projects\\chat-app\\frontend\\node_modules\\@rollup\\rollup-linux-arm64-musl'
1228 silly reify ]
1229 verbose reify failed optional dependency C:\Users\hp\Desktop\projects\chat-app\frontend\node_modules\@rollup\rollup-linux-arm64-gnu
1230 silly reify mark deleted [
1230 silly reify   'C:\\Users\\hp\\Desktop\\projects\\chat-app\\frontend\\node_modules\\@rollup\\rollup-linux-arm64-gnu'
1230 silly reify ]
1231 verbose reify failed optional dependency C:\Users\hp\Desktop\projects\chat-app\frontend\node_modules\@rollup\rollup-linux-arm-musleabihf
1232 silly reify mark deleted [
1232 silly reify   'C:\\Users\\hp\\Desktop\\projects\\chat-app\\frontend\\node_modules\\@rollup\\rollup-linux-arm-musleabihf'
1232 silly reify ]
1233 verbose reify failed optional dependency C:\Users\hp\Desktop\projects\chat-app\frontend\node_modules\@rollup\rollup-linux-arm-gnueabihf
1234 silly reify mark deleted [
1234 silly reify   'C:\\Users\\hp\\Desktop\\projects\\chat-app\\frontend\\node_modules\\@rollup\\rollup-linux-arm-gnueabihf'
1234 silly reify ]
1235 verbose reify failed optional dependency C:\Users\hp\Desktop\projects\chat-app\frontend\node_modules\@rollup\rollup-freebsd-x64
1236 silly reify mark deleted [
1236 silly reify   'C:\\Users\\hp\\Desktop\\projects\\chat-app\\frontend\\node_modules\\@rollup\\rollup-freebsd-x64'
1236 silly reify ]
1237 verbose reify failed optional dependency C:\Users\hp\Desktop\projects\chat-app\frontend\node_modules\@rollup\rollup-freebsd-arm64
1238 silly reify mark deleted [
1238 silly reify   'C:\\Users\\hp\\Desktop\\projects\\chat-app\\frontend\\node_modules\\@rollup\\rollup-freebsd-arm64'
1238 silly reify ]
1239 verbose reify failed optional dependency C:\Users\hp\Desktop\projects\chat-app\frontend\node_modules\@rollup\rollup-darwin-x64
1240 silly reify mark deleted [
1240 silly reify   'C:\\Users\\hp\\Desktop\\projects\\chat-app\\frontend\\node_modules\\@rollup\\rollup-darwin-x64'
1240 silly reify ]
1241 verbose reify failed optional dependency C:\Users\hp\Desktop\projects\chat-app\frontend\node_modules\@rollup\rollup-darwin-arm64
1242 silly reify mark deleted [
1242 silly reify   'C:\\Users\\hp\\Desktop\\projects\\chat-app\\frontend\\node_modules\\@rollup\\rollup-darwin-arm64'
1242 silly reify ]
1243 verbose reify failed optional dependency C:\Users\hp\Desktop\projects\chat-app\frontend\node_modules\@rollup\rollup-android-arm64
1244 silly reify mark deleted [
1244 silly reify   'C:\\Users\\hp\\Desktop\\projects\\chat-app\\frontend\\node_modules\\@rollup\\rollup-android-arm64'
1244 silly reify ]
1245 verbose reify failed optional dependency C:\Users\hp\Desktop\projects\chat-app\frontend\node_modules\@rollup\rollup-android-arm-eabi
1246 silly reify mark deleted [
1246 silly reify   'C:\\Users\\hp\\Desktop\\projects\\chat-app\\frontend\\node_modules\\@rollup\\rollup-android-arm-eabi'
1246 silly reify ]
1247 verbose reify failed optional dependency C:\Users\hp\Desktop\projects\chat-app\frontend\node_modules\@esbuild\win32-ia32
1248 silly reify mark deleted [
1248 silly reify   'C:\\Users\\hp\\Desktop\\projects\\chat-app\\frontend\\node_modules\\@esbuild\\win32-ia32'
1248 silly reify ]
1249 verbose reify failed optional dependency C:\Users\hp\Desktop\projects\chat-app\frontend\node_modules\@esbuild\win32-arm64
1250 silly reify mark deleted [
1250 silly reify   'C:\\Users\\hp\\Desktop\\projects\\chat-app\\frontend\\node_modules\\@esbuild\\win32-arm64'
1250 silly reify ]
1251 verbose reify failed optional dependency C:\Users\hp\Desktop\projects\chat-app\frontend\node_modules\@esbuild\sunos-x64
1252 silly reify mark deleted [
1252 silly reify   'C:\\Users\\hp\\Desktop\\projects\\chat-app\\frontend\\node_modules\\@esbuild\\sunos-x64'
1252 silly reify ]
1253 verbose reify failed optional dependency C:\Users\hp\Desktop\projects\chat-app\frontend\node_modules\@esbuild\openbsd-x64
1254 silly reify mark deleted [
1254 silly reify   'C:\\Users\\hp\\Desktop\\projects\\chat-app\\frontend\\node_modules\\@esbuild\\openbsd-x64'
1254 silly reify ]
1255 verbose reify failed optional dependency C:\Users\hp\Desktop\projects\chat-app\frontend\node_modules\@esbuild\netbsd-x64
1256 silly reify mark deleted [
1256 silly reify   'C:\\Users\\hp\\Desktop\\projects\\chat-app\\frontend\\node_modules\\@esbuild\\netbsd-x64'
1256 silly reify ]
1257 verbose reify failed optional dependency C:\Users\hp\Desktop\projects\chat-app\frontend\node_modules\@esbuild\linux-x64
1258 silly reify mark deleted [
1258 silly reify   'C:\\Users\\hp\\Desktop\\projects\\chat-app\\frontend\\node_modules\\@esbuild\\linux-x64'
1258 silly reify ]
1259 verbose reify failed optional dependency C:\Users\hp\Desktop\projects\chat-app\frontend\node_modules\@esbuild\linux-s390x
1260 silly reify mark deleted [
1260 silly reify   'C:\\Users\\hp\\Desktop\\projects\\chat-app\\frontend\\node_modules\\@esbuild\\linux-s390x'
1260 silly reify ]
1261 verbose reify failed optional dependency C:\Users\hp\Desktop\projects\chat-app\frontend\node_modules\@esbuild\linux-riscv64
1262 silly reify mark deleted [
1262 silly reify   'C:\\Users\\hp\\Desktop\\projects\\chat-app\\frontend\\node_modules\\@esbuild\\linux-riscv64'
1262 silly reify ]
1263 verbose reify failed optional dependency C:\Users\hp\Desktop\projects\chat-app\frontend\node_modules\@esbuild\linux-ppc64
1264 silly reify mark deleted [
1264 silly reify   'C:\\Users\\hp\\Desktop\\projects\\chat-app\\frontend\\node_modules\\@esbuild\\linux-ppc64'
1264 silly reify ]
1265 verbose reify failed optional dependency C:\Users\hp\Desktop\projects\chat-app\frontend\node_modules\@esbuild\linux-mips64el
1266 silly reify mark deleted [
1266 silly reify   'C:\\Users\\hp\\Desktop\\projects\\chat-app\\frontend\\node_modules\\@esbuild\\linux-mips64el'
1266 silly reify ]
1267 verbose reify failed optional dependency C:\Users\hp\Desktop\projects\chat-app\frontend\node_modules\@esbuild\linux-loong64
1268 silly reify mark deleted [
1268 silly reify   'C:\\Users\\hp\\Desktop\\projects\\chat-app\\frontend\\node_modules\\@esbuild\\linux-loong64'
1268 silly reify ]
1269 verbose reify failed optional dependency C:\Users\hp\Desktop\projects\chat-app\frontend\node_modules\@esbuild\linux-ia32
1270 silly reify mark deleted [
1270 silly reify   'C:\\Users\\hp\\Desktop\\projects\\chat-app\\frontend\\node_modules\\@esbuild\\linux-ia32'
1270 silly reify ]
1271 verbose reify failed optional dependency C:\Users\hp\Desktop\projects\chat-app\frontend\node_modules\@esbuild\linux-arm64
1272 silly reify mark deleted [
1272 silly reify   'C:\\Users\\hp\\Desktop\\projects\\chat-app\\frontend\\node_modules\\@esbuild\\linux-arm64'
1272 silly reify ]
1273 verbose reify failed optional dependency C:\Users\hp\Desktop\projects\chat-app\frontend\node_modules\@esbuild\linux-arm
1274 silly reify mark deleted [
1274 silly reify   'C:\\Users\\hp\\Desktop\\projects\\chat-app\\frontend\\node_modules\\@esbuild\\linux-arm'
1274 silly reify ]
1275 verbose reify failed optional dependency C:\Users\hp\Desktop\projects\chat-app\frontend\node_modules\@esbuild\freebsd-x64
1276 silly reify mark deleted [
1276 silly reify   'C:\\Users\\hp\\Desktop\\projects\\chat-app\\frontend\\node_modules\\@esbuild\\freebsd-x64'
1276 silly reify ]
1277 verbose reify failed optional dependency C:\Users\hp\Desktop\projects\chat-app\frontend\node_modules\@esbuild\freebsd-arm64
1278 silly reify mark deleted [
1278 silly reify   'C:\\Users\\hp\\Desktop\\projects\\chat-app\\frontend\\node_modules\\@esbuild\\freebsd-arm64'
1278 silly reify ]
1279 verbose reify failed optional dependency C:\Users\hp\Desktop\projects\chat-app\frontend\node_modules\@esbuild\darwin-x64
1280 silly reify mark deleted [
1280 silly reify   'C:\\Users\\hp\\Desktop\\projects\\chat-app\\frontend\\node_modules\\@esbuild\\darwin-x64'
1280 silly reify ]
1281 verbose reify failed optional dependency C:\Users\hp\Desktop\projects\chat-app\frontend\node_modules\@esbuild\darwin-arm64
1282 silly reify mark deleted [
1282 silly reify   'C:\\Users\\hp\\Desktop\\projects\\chat-app\\frontend\\node_modules\\@esbuild\\darwin-arm64'
1282 silly reify ]
1283 verbose reify failed optional dependency C:\Users\hp\Desktop\projects\chat-app\frontend\node_modules\@esbuild\android-x64
1284 silly reify mark deleted [
1284 silly reify   'C:\\Users\\hp\\Desktop\\projects\\chat-app\\frontend\\node_modules\\@esbuild\\android-x64'
1284 silly reify ]
1285 verbose reify failed optional dependency C:\Users\hp\Desktop\projects\chat-app\frontend\node_modules\@esbuild\android-arm64
1286 silly reify mark deleted [
1286 silly reify   'C:\\Users\\hp\\Desktop\\projects\\chat-app\\frontend\\node_modules\\@esbuild\\android-arm64'
1286 silly reify ]
1287 verbose reify failed optional dependency C:\Users\hp\Desktop\projects\chat-app\frontend\node_modules\@esbuild\android-arm
1288 silly reify mark deleted [
1288 silly reify   'C:\\Users\\hp\\Desktop\\projects\\chat-app\\frontend\\node_modules\\@esbuild\\android-arm'
1288 silly reify ]
1289 verbose reify failed optional dependency C:\Users\hp\Desktop\projects\chat-app\frontend\node_modules\@esbuild\aix-ppc64
1290 silly reify mark deleted [
1290 silly reify   'C:\\Users\\hp\\Desktop\\projects\\chat-app\\frontend\\node_modules\\@esbuild\\aix-ppc64'
1290 silly reify ]
1291 verbose reify failed optional dependency C:\Users\hp\Desktop\projects\chat-app\frontend\node_modules\fsevents
1292 silly reify mark deleted [
1292 silly reify   'C:\\Users\\hp\\Desktop\\projects\\chat-app\\frontend\\node_modules\\fsevents'
1292 silly reify ]
1293 http cache @rollup/rollup-win32-x64-gnu@https://registry.npmjs.org/@rollup/rollup-win32-x64-gnu/-/rollup-win32-x64-gnu-4.54.0.tgz 1ms (cache hit)
1294 http cache @types/estree@https://registry.npmjs.org/@types/estree/-/estree-1.0.8.tgz 0ms (cache hit)
1295 http cache @rollup/rollup-win32-x64-msvc@https://registry.npmjs.org/@rollup/rollup-win32-x64-msvc/-/rollup-win32-x64-msvc-4.54.0.tgz 0ms (cache hit)
1296 http cache @esbuild/win32-x64@https://registry.npmjs.org/@esbuild/win32-x64/-/win32-x64-0.21.5.tgz 0ms (cache hit)
1297 http cache rollup@https://registry.npmjs.org/rollup/-/rollup-4.54.0.tgz 0ms (cache hit)
1298 http cache esbuild@https://registry.npmjs.org/esbuild/-/esbuild-0.21.5.tgz 0ms (cache hit)
1299 http cache escalade@https://registry.npmjs.org/escalade/-/escalade-3.2.0.tgz 0ms (cache hit)
1300 http cache is-number@https://registry.npmjs.org/is-number/-/is-number-7.0.0.tgz 0ms (cache hit)
1301 http cache thenify@https://registry.npmjs.org/thenify/-/thenify-3.3.1.tgz 0ms (cache hit)
1302 http cache thenify-all@https://registry.npmjs.org/thenify-all/-/thenify-all-1.6.0.tgz 1ms (cache hit)
1303 http cache any-promise@https://registry.npmjs.org/any-promise/-/any-promise-1.3.0.tgz 0ms (cache hit)
1304 http cache object-assign@https://registry.npmjs.org/object-assign/-/object-assign-4.1.1.tgz 0ms (cache hit)
1305 http cache ts-interface-checker@https://registry.npmjs.org/ts-interface-checker/-/ts-interface-checker-0.1.13.tgz 0ms (cache hit)
1306 http cache tinyglobby@https://registry.npmjs.org/tinyglobby/-/tinyglobby-0.2.15.tgz 0ms (cache hit)
1307 http cache pirates@https://registry.npmjs.org/pirates/-/pirates-4.0.7.tgz 0ms (cache hit)
1308 http cache commander@https://registry.npmjs.org/commander/-/commander-4.1.1.tgz 0ms (cache hit)
1309 http cache lines-and-columns@https://registry.npmjs.org/lines-and-columns/-/lines-and-columns-1.2.4.tgz 0ms (cache hit)
1310 http cache mz@https://registry.npmjs.org/mz/-/mz-2.7.0.tgz 0ms (cache hit)
1311 http cache queue-microtask@https://registry.npmjs.org/queue-microtask/-/queue-microtask-1.2.3.tgz 0ms (cache hit)
1312 http cache path-parse@https://registry.npmjs.org/path-parse/-/path-parse-1.0.7.tgz 0ms (cache hit)
1313 http cache supports-preserve-symlinks-flag@https://registry.npmjs.org/supports-preserve-symlinks-flag/-/supports-preserve-symlinks-flag-1.0.0.tgz 0ms (cache hit)
1314 http cache is-core-module@https://registry.npmjs.org/is-core-module/-/is-core-module-2.16.1.tgz 0ms (cache hit)
1315 http cache util-deprecate@https://registry.npmjs.org/util-deprecate/-/util-deprecate-1.0.2.tgz 0ms (cache hit)
1316 http cache pify@https://registry.npmjs.org/pify/-/pify-2.3.0.tgz 0ms (cache hit)
1317 http cache cssesc@https://registry.npmjs.org/cssesc/-/cssesc-3.0.0.tgz 0ms (cache hit)
1318 http cache read-cache@https://registry.npmjs.org/read-cache/-/read-cache-1.0.0.tgz 0ms (cache hit)
1319 http cache is-extglob@https://registry.npmjs.org/is-extglob/-/is-extglob-2.1.1.tgz 0ms (cache hit)
1320 http cache to-regex-range@https://registry.npmjs.org/to-regex-range/-/to-regex-range-5.0.1.tgz 0ms (cache hit)
1321 http cache binary-extensions@https://registry.npmjs.org/binary-extensions/-/binary-extensions-2.3.0.tgz 0ms (cache hit)
1322 http cache camelcase-css@https://registry.npmjs.org/camelcase-css/-/camelcase-css-2.0.1.tgz 0ms (cache hit)
1323 http cache reusify@https://registry.npmjs.org/reusify/-/reusify-1.1.0.tgz 0ms (cache hit)
1324 http cache @nodelib/fs.scandir@https://registry.npmjs.org/@nodelib/fs.scandir/-/fs.scandir-2.1.5.tgz 0ms (cache hit)
1325 http cache fastq@https://registry.npmjs.org/fastq/-/fastq-1.20.1.tgz 0ms (cache hit)
1326 http cache merge2@https://registry.npmjs.org/merge2/-/merge2-1.4.1.tgz 0ms (cache hit)
1327 http cache run-parallel@https://registry.npmjs.org/run-parallel/-/run-parallel-1.2.0.tgz 0ms (cache hit)
1328 http cache @nodelib/fs.walk@https://registry.npmjs.org/@nodelib/fs.walk/-/fs.walk-1.2.8.tgz 0ms (cache hit)
1329 http cache @nodelib/fs.stat@https://registry.npmjs.org/@nodelib/fs.stat/-/fs.stat-2.0.5.tgz 0ms (cache hit)
1330 http cache fill-range@https://registry.npmjs.org/fill-range/-/fill-range-7.1.1.tgz 0ms (cache hit)
1331 http cache picomatch@https://registry.npmjs.org/picomatch/-/picomatch-2.3.1.tgz 0ms (cache hit)
1332 http cache readdirp@https://registry.npmjs.org/readdirp/-/readdirp-3.6.0.tgz 0ms (cache hit)
1333 http cache braces@https://registry.npmjs.org/braces/-/braces-3.0.3.tgz 0ms (cache hit)
1334 http cache is-binary-path@https://registry.npmjs.org/is-binary-path/-/is-binary-path-2.1.0.tgz 0ms (cache hit)
1335 http cache anymatch@https://registry.npmjs.org/anymatch/-/anymatch-3.1.3.tgz 1ms (cache hit)
1336 http cache sucrase@https://registry.npmjs.org/sucrase/-/sucrase-3.35.1.tgz 0ms (cache hit)
1337 http cache postcss-selector-parser@https://registry.npmjs.org/postcss-selector-parser/-/postcss-selector-parser-6.1.2.tgz 0ms (cache hit)
1338 http cache resolve@https://registry.npmjs.org/resolve/-/resolve-1.22.11.tgz 0ms (cache hit)
1339 http cache postcss-nested@https://registry.npmjs.org/postcss-nested/-/postcss-nested-6.2.0.tgz 0ms (cache hit)
1340 http cache postcss-load-config@https://registry.npmjs.org/postcss-load-config/-/postcss-load-config-6.0.1.tgz 0ms (cache hit)
1341 http cache object-hash@https://registry.npmjs.org/object-hash/-/object-hash-3.0.0.tgz 0ms (cache hit)
1342 http cache postcss-import@https://registry.npmjs.org/postcss-import/-/postcss-import-15.1.0.tgz 0ms (cache hit)
1343 http cache postcss-js@https://registry.npmjs.org/postcss-js/-/postcss-js-4.1.0.tgz 0ms (cache hit)
1344 http cache normalize-path@https://registry.npmjs.org/normalize-path/-/normalize-path-3.0.0.tgz 0ms (cache hit)
1345 http cache lilconfig@https://registry.npmjs.org/lilconfig/-/lilconfig-3.1.3.tgz 0ms (cache hit)
1346 http cache micromatch@https://registry.npmjs.org/micromatch/-/micromatch-4.0.8.tgz 0ms (cache hit)
1347 http cache jiti@https://registry.npmjs.org/jiti/-/jiti-1.21.7.tgz 1ms (cache hit)
1348 http cache fast-glob@https://registry.npmjs.org/fast-glob/-/fast-glob-3.3.3.tgz 0ms (cache hit)
1349 http cache glob-parent@https://registry.npmjs.org/glob-parent/-/glob-parent-6.0.2.tgz 0ms (cache hit)
1350 http cache @alloc/quick-lru@https://registry.npmjs.org/@alloc/quick-lru/-/quick-lru-5.2.0.tgz 0ms (cache hit)
1351 http cache didyoumean@https://registry.npmjs.org/didyoumean/-/didyoumean-1.2.2.tgz 0ms (cache hit)
1352 http cache is-glob@https://registry.npmjs.org/is-glob/-/is-glob-4.0.3.tgz 0ms (cache hit)
1353 http cache dlv@https://registry.npmjs.org/dlv/-/dlv-1.1.3.tgz 0ms (cache hit)
1354 http cache chokidar@https://registry.npmjs.org/chokidar/-/chokidar-3.6.0.tgz 0ms (cache hit)
1355 http cache arg@https://registry.npmjs.org/arg/-/arg-5.0.2.tgz 0ms (cache hit)
1356 http cache xmlhttprequest-ssl@https://registry.npmjs.org/xmlhttprequest-ssl/-/xmlhttprequest-ssl-2.1.2.tgz 0ms (cache hit)
1357 http cache engine.io-parser@https://registry.npmjs.org/engine.io-parser/-/engine.io-parser-5.2.3.tgz 1ms (cache hit)
1358 http cache socket.io-parser@https://registry.npmjs.org/socket.io-parser/-/socket.io-parser-4.2.5.tgz 0ms (cache hit)
1359 http cache engine.io-client@https://registry.npmjs.org/engine.io-client/-/engine.io-client-6.6.4.tgz 0ms (cache hit)
1360 http cache @socket.io/component-emitter@https://registry.npmjs.org/@socket.io/component-emitter/-/component-emitter-3.1.2.tgz 0ms (cache hit)
1361 http cache ws@https://registry.npmjs.org/ws/-/ws-8.18.3.tgz 0ms (cache hit)
1362 http cache react-router@https://registry.npmjs.org/react-router/-/react-router-6.30.2.tgz 0ms (cache hit)
1363 http cache @remix-run/router@https://registry.npmjs.org/@remix-run/router/-/router-1.23.1.tgz 0ms (cache hit)
1364 http cache scheduler@https://registry.npmjs.org/scheduler/-/scheduler-0.23.2.tgz 0ms (cache hit)
1365 http cache source-map-js@https://registry.npmjs.org/source-map-js/-/source-map-js-1.2.1.tgz 0ms (cache hit)
1366 http cache nanoid@https://registry.npmjs.org/nanoid/-/nanoid-3.3.11.tgz 0ms (cache hit)
1367 http cache loose-envify@https://registry.npmjs.org/loose-envify/-/loose-envify-1.4.0.tgz 0ms (cache hit)
1368 http cache yallist@https://registry.npmjs.org/yallist/-/yallist-3.1.1.tgz 0ms (cache hit)
1369 http cache mime-db@https://registry.npmjs.org/mime-db/-/mime-db-1.52.0.tgz 0ms (cache hit)
1370 http cache dunder-proto@https://registry.npmjs.org/dunder-proto/-/dunder-proto-1.0.1.tgz 0ms (cache hit)
1371 http cache gopd@https://registry.npmjs.org/gopd/-/gopd-1.2.0.tgz 0ms (cache hit)
1372 http cache math-intrinsics@https://registry.npmjs.org/math-intrinsics/-/math-intrinsics-1.1.0.tgz 0ms (cache hit)
1373 http cache has-symbols@https://registry.npmjs.org/has-symbols/-/has-symbols-1.1.0.tgz 0ms (cache hit)
1374 http cache get-proto@https://registry.npmjs.org/get-proto/-/get-proto-1.0.1.tgz 0ms (cache hit)
1375 http cache function-bind@https://registry.npmjs.org/function-bind/-/function-bind-1.1.2.tgz 0ms (cache hit)
1376 http cache es-object-atoms@https://registry.npmjs.org/es-object-atoms/-/es-object-atoms-1.1.1.tgz 0ms (cache hit)
1377 http cache get-intrinsic@https://registry.npmjs.org/get-intrinsic/-/get-intrinsic-1.3.0.tgz 0ms (cache hit)
1378 http cache es-define-property@https://registry.npmjs.org/es-define-property/-/es-define-property-1.0.1.tgz 0ms (cache hit)
1379 http cache has-tostringtag@https://registry.npmjs.org/has-tostringtag/-/has-tostringtag-1.0.2.tgz 0ms (cache hit)
1380 http cache call-bind-apply-helpers@https://registry.npmjs.org/call-bind-apply-helpers/-/call-bind-apply-helpers-1.0.2.tgz 0ms (cache hit)
1381 http cache es-errors@https://registry.npmjs.org/es-errors/-/es-errors-1.3.0.tgz 0ms (cache hit)
1382 http cache delayed-stream@https://registry.npmjs.org/delayed-stream/-/delayed-stream-1.0.0.tgz 0ms (cache hit)
1383 http cache mime-types@https://registry.npmjs.org/mime-types/-/mime-types-2.1.35.tgz 0ms (cache hit)
1384 http cache hasown@https://registry.npmjs.org/hasown/-/hasown-2.0.2.tgz 1ms (cache hit)
1385 http cache es-set-tostringtag@https://registry.npmjs.org/es-set-tostringtag/-/es-set-tostringtag-2.1.0.tgz 0ms (cache hit)
1386 http cache combined-stream@https://registry.npmjs.org/combined-stream/-/combined-stream-1.0.8.tgz 0ms (cache hit)
1387 http cache ms@https://registry.npmjs.org/ms/-/ms-2.1.3.tgz 0ms (cache hit)
1388 http cache update-browserslist-db@https://registry.npmjs.org/update-browserslist-db/-/update-browserslist-db-1.2.3.tgz 0ms (cache hit)
1389 http cache asynckit@https://registry.npmjs.org/asynckit/-/asynckit-0.4.0.tgz 0ms (cache hit)
1390 http cache node-releases@https://registry.npmjs.org/node-releases/-/node-releases-2.0.27.tgz 0ms (cache hit)
1391 http cache electron-to-chromium@https://registry.npmjs.org/electron-to-chromium/-/electron-to-chromium-1.5.267.tgz 0ms (cache hit)
1392 http cache baseline-browser-mapping@https://registry.npmjs.org/baseline-browser-mapping/-/baseline-browser-mapping-2.9.11.tgz 0ms (cache hit)
1393 http cache follow-redirects@https://registry.npmjs.org/follow-redirects/-/follow-redirects-1.15.11.tgz 0ms (cache hit)
1394 http cache form-data@https://registry.npmjs.org/form-data/-/form-data-4.0.5.tgz 0ms (cache hit)
1395 http cache postcss-value-parser@https://registry.npmjs.org/postcss-value-parser/-/postcss-value-parser-4.2.0.tgz 0ms (cache hit)
1396 http cache proxy-from-env@https://registry.npmjs.org/proxy-from-env/-/proxy-from-env-1.1.0.tgz 0ms (cache hit)
1397 http cache fraction.js@https://registry.npmjs.org/fraction.js/-/fraction.js-5.3.4.tgz 0ms (cache hit)
1398 http cache caniuse-lite@https://registry.npmjs.org/caniuse-lite/-/caniuse-lite-1.0.30001762.tgz 0ms (cache hit)
1399 http cache @types/babel__traverse@https://registry.npmjs.org/@types/babel__traverse/-/babel__traverse-7.28.0.tgz 1ms (cache hit)
1400 http cache @types/babel__template@https://registry.npmjs.org/@types/babel__template/-/babel__template-7.4.4.tgz 0ms (cache hit)
1401 http cache @types/babel__generator@https://registry.npmjs.org/@types/babel__generator/-/babel__generator-7.27.0.tgz 0ms (cache hit)
1402 http cache @jridgewell/resolve-uri@https://registry.npmjs.org/@jridgewell/resolve-uri/-/resolve-uri-3.1.2.tgz 0ms (cache hit)
1403 http cache @babel/helper-string-parser@https://registry.npmjs.org/@babel/helper-string-parser/-/helper-string-parser-7.27.1.tgz 0ms (cache hit)
1404 http cache @jridgewell/sourcemap-codec@https://registry.npmjs.org/@jridgewell/sourcemap-codec/-/sourcemap-codec-1.5.5.tgz 0ms (cache hit)
1405 http cache @babel/helper-globals@https://registry.npmjs.org/@babel/helper-globals/-/helper-globals-7.28.0.tgz 0ms (cache hit)
1406 http cache @babel/helper-module-imports@https://registry.npmjs.org/@babel/helper-module-imports/-/helper-module-imports-7.27.1.tgz 0ms (cache hit)
1407 http cache @babel/helper-plugin-utils@https://registry.npmjs.org/@babel/helper-plugin-utils/-/helper-plugin-utils-7.27.1.tgz 0ms (cache hit)
1408 http cache browserslist@https://registry.npmjs.org/browserslist/-/browserslist-4.28.1.tgz 0ms (cache hit)
1409 http cache lru-cache@https://registry.npmjs.org/lru-cache/-/lru-cache-5.1.1.tgz 0ms (cache hit)
1410 http cache @babel/compat-data@https://registry.npmjs.org/@babel/compat-data/-/compat-data-7.28.5.tgz 0ms (cache hit)
1411 http cache @babel/helper-validator-option@https://registry.npmjs.org/@babel/helper-validator-option/-/helper-validator-option-7.27.1.tgz 0ms (cache hit)
1412 http cache jsesc@https://registry.npmjs.org/jsesc/-/jsesc-3.1.0.tgz 0ms (cache hit)
1413 http cache @jridgewell/trace-mapping@https://registry.npmjs.org/@jridgewell/trace-mapping/-/trace-mapping-0.3.31.tgz 0ms (cache hit)
1414 http cache @jridgewell/gen-mapping@https://registry.npmjs.org/@jridgewell/gen-mapping/-/gen-mapping-0.3.13.tgz 0ms (cache hit)
1415 http cache @babel/helper-validator-identifier@https://registry.npmjs.org/@babel/helper-validator-identifier/-/helper-validator-identifier-7.28.5.tgz 0ms (cache hit)
1416 http cache js-tokens@https://registry.npmjs.org/js-tokens/-/js-tokens-4.0.0.tgz 0ms (cache hit)
1417 http cache picocolors@https://registry.npmjs.org/picocolors/-/picocolors-1.1.1.tgz 0ms (cache hit)
1418 http cache semver@https://registry.npmjs.org/semver/-/semver-6.3.1.tgz 0ms (cache hit)
1419 http cache json5@https://registry.npmjs.org/json5/-/json5-2.2.3.tgz 0ms (cache hit)
1420 http cache gensync@https://registry.npmjs.org/gensync/-/gensync-1.0.0-beta.2.tgz 0ms (cache hit)
1421 http cache debug@https://registry.npmjs.org/debug/-/debug-4.4.3.tgz 0ms (cache hit)
1422 http cache convert-source-map@https://registry.npmjs.org/convert-source-map/-/convert-source-map-2.0.0.tgz 0ms (cache hit)
1423 http cache @jridgewell/remapping@https://registry.npmjs.org/@jridgewell/remapping/-/remapping-2.3.5.tgz 0ms (cache hit)
1424 http cache @babel/types@https://registry.npmjs.org/@babel/types/-/types-7.28.5.tgz 0ms (cache hit)
1425 http cache @babel/traverse@https://registry.npmjs.org/@babel/traverse/-/traverse-7.28.5.tgz 0ms (cache hit)
1426 http cache @babel/template@https://registry.npmjs.org/@babel/template/-/template-7.27.2.tgz 0ms (cache hit)
1427 http cache @babel/parser@https://registry.npmjs.org/@babel/parser/-/parser-7.28.5.tgz 0ms (cache hit)
1428 http cache @babel/helpers@https://registry.npmjs.org/@babel/helpers/-/helpers-7.28.4.tgz 0ms (cache hit)
1429 http cache @babel/helper-module-transforms@https://registry.npmjs.org/@babel/helper-module-transforms/-/helper-module-transforms-7.28.3.tgz 0ms (cache hit)
1430 http cache @babel/helper-compilation-targets@https://registry.npmjs.org/@babel/helper-compilation-targets/-/helper-compilation-targets-7.27.2.tgz 0ms (cache hit)
1431 http cache @babel/generator@https://registry.npmjs.org/@babel/generator/-/generator-7.28.5.tgz 0ms (cache hit)
1432 http cache react-refresh@https://registry.npmjs.org/react-refresh/-/react-refresh-0.17.0.tgz 0ms (cache hit)
1433 http cache @babel/code-frame@https://registry.npmjs.org/@babel/code-frame/-/code-frame-7.27.1.tgz 0ms (cache hit)
1434 http cache @types/babel__core@https://registry.npmjs.org/@types/babel__core/-/babel__core-7.20.5.tgz 0ms (cache hit)
1435 http cache @babel/plugin-transform-react-jsx-source@https://registry.npmjs.org/@babel/plugin-transform-react-jsx-source/-/plugin-transform-react-jsx-source-7.27.1.tgz 0ms (cache hit)
1436 http cache @rolldown/pluginutils@https://registry.npmjs.org/@rolldown/pluginutils/-/pluginutils-1.0.0-beta.27.tgz 0ms (cache hit)
1437 http cache @babel/plugin-transform-react-jsx-self@https://registry.npmjs.org/@babel/plugin-transform-react-jsx-self/-/plugin-transform-react-jsx-self-7.27.1.tgz 0ms (cache hit)
1438 http cache @babel/core@https://registry.npmjs.org/@babel/core/-/core-7.28.5.tgz 0ms (cache hit)
1439 http cache @types/prop-types@https://registry.npmjs.org/@types/prop-types/-/prop-types-15.7.15.tgz 0ms (cache hit)
1440 http cache socket.io-client@https://registry.npmjs.org/socket.io-client/-/socket.io-client-4.8.3.tgz 0ms (cache hit)
1441 http cache tailwindcss@https://registry.npmjs.org/tailwindcss/-/tailwindcss-3.4.19.tgz 0ms (cache hit)
1442 http cache react-router-dom@https://registry.npmjs.org/react-router-dom/-/react-router-dom-6.30.2.tgz 0ms (cache hit)
1443 http cache csstype@https://registry.npmjs.org/csstype/-/csstype-3.2.3.tgz 0ms (cache hit)
1444 http cache react-dom@https://registry.npmjs.org/react-dom/-/react-dom-18.3.1.tgz 0ms (cache hit)
1445 http cache axios@https://registry.npmjs.org/axios/-/axios-1.13.2.tgz 0ms (cache hit)
1446 http cache react@https://registry.npmjs.org/react/-/react-18.3.1.tgz 0ms (cache hit)
1447 http cache postcss@https://registry.npmjs.org/postcss/-/postcss-8.5.6.tgz 0ms (cache hit)
1448 http cache autoprefixer@https://registry.npmjs.org/autoprefixer/-/autoprefixer-10.4.23.tgz 0ms (cache hit)
1449 http cache @vitejs/plugin-react@https://registry.npmjs.org/@vitejs/plugin-react/-/plugin-react-4.7.0.tgz 0ms (cache hit)
1450 http cache vite@https://registry.npmjs.org/vite/-/vite-5.4.21.tgz 0ms (cache hit)
1451 http cache picomatch@https://registry.npmjs.org/picomatch/-/picomatch-4.0.3.tgz 0ms (cache hit)
1452 http cache @types/react-dom@https://registry.npmjs.org/@types/react-dom/-/react-dom-18.3.7.tgz 0ms (cache hit)
1453 http cache fdir@https://registry.npmjs.org/fdir/-/fdir-6.5.0.tgz 0ms (cache hit)
1454 http cache @types/react@https://registry.npmjs.org/@types/react/-/react-18.3.27.tgz 0ms (cache hit)
1455 silly tarball no local data for @rollup/rollup-win32-x64-gnu@https://registry.npmjs.org/@rollup/rollup-win32-x64-gnu/-/rollup-win32-x64-gnu-4.54.0.tgz. Extracting by manifest.
1456 silly tarball no local data for @types/estree@https://registry.npmjs.org/@types/estree/-/estree-1.0.8.tgz. Extracting by manifest.
1457 silly tarball no local data for @rollup/rollup-win32-x64-msvc@https://registry.npmjs.org/@rollup/rollup-win32-x64-msvc/-/rollup-win32-x64-msvc-4.54.0.tgz. Extracting by manifest.
1458 silly tarball no local data for @esbuild/win32-x64@https://registry.npmjs.org/@esbuild/win32-x64/-/win32-x64-0.21.5.tgz. Extracting by manifest.
1459 silly tarball no local data for rollup@https://registry.npmjs.org/rollup/-/rollup-4.54.0.tgz. Extracting by manifest.
1460 silly tarball no local data for esbuild@https://registry.npmjs.org/esbuild/-/esbuild-0.21.5.tgz. Extracting by manifest.
1461 silly tarball no local data for escalade@https://registry.npmjs.org/escalade/-/escalade-3.2.0.tgz. Extracting by manifest.
1462 http cache glob-parent@https://registry.npmjs.org/glob-parent/-/glob-parent-5.1.2.tgz 0ms (cache hit)
1463 silly tarball no local data for is-number@https://registry.npmjs.org/is-number/-/is-number-7.0.0.tgz. Extracting by manifest.
1464 silly tarball no local data for thenify@https://registry.npmjs.org/thenify/-/thenify-3.3.1.tgz. Extracting by manifest.
1465 http cache glob-parent@https://registry.npmjs.org/glob-parent/-/glob-parent-5.1.2.tgz 0ms (cache hit)
1466 silly tarball no local data for thenify-all@https://registry.npmjs.org/thenify-all/-/thenify-all-1.6.0.tgz. Extracting by manifest.
1467 silly tarball no local data for any-promise@https://registry.npmjs.org/any-promise/-/any-promise-1.3.0.tgz. Extracting by manifest.
1468 silly tarball no local data for object-assign@https://registry.npmjs.org/object-assign/-/object-assign-4.1.1.tgz. Extracting by manifest.
1469 silly tarball no local data for ts-interface-checker@https://registry.npmjs.org/ts-interface-checker/-/ts-interface-checker-0.1.13.tgz. Extracting by manifest.
1470 silly tarball no local data for tinyglobby@https://registry.npmjs.org/tinyglobby/-/tinyglobby-0.2.15.tgz. Extracting by manifest.
1471 silly tarball no local data for pirates@https://registry.npmjs.org/pirates/-/pirates-4.0.7.tgz. Extracting by manifest.
1472 silly tarball no local data for commander@https://registry.npmjs.org/commander/-/commander-4.1.1.tgz. Extracting by manifest.
1473 silly tarball no local data for lines-and-columns@https://registry.npmjs.org/lines-and-columns/-/lines-and-columns-1.2.4.tgz. Extracting by manifest.
1474 silly tarball no local data for mz@https://registry.npmjs.org/mz/-/mz-2.7.0.tgz. Extracting by manifest.
1475 silly tarball no local data for queue-microtask@https://registry.npmjs.org/queue-microtask/-/queue-microtask-1.2.3.tgz. Extracting by manifest.
1476 silly tarball no local data for path-parse@https://registry.npmjs.org/path-parse/-/path-parse-1.0.7.tgz. Extracting by manifest.
1477 silly tarball no local data for supports-preserve-symlinks-flag@https://registry.npmjs.org/supports-preserve-symlinks-flag/-/supports-preserve-symlinks-flag-1.0.0.tgz. Extracting by manifest.
1478 silly tarball no local data for is-core-module@https://registry.npmjs.org/is-core-module/-/is-core-module-2.16.1.tgz. Extracting by manifest.
1479 silly tarball no local data for util-deprecate@https://registry.npmjs.org/util-deprecate/-/util-deprecate-1.0.2.tgz. Extracting by manifest.
1480 silly tarball no local data for pify@https://registry.npmjs.org/pify/-/pify-2.3.0.tgz. Extracting by manifest.
1481 silly tarball no local data for cssesc@https://registry.npmjs.org/cssesc/-/cssesc-3.0.0.tgz. Extracting by manifest.
1482 silly tarball no local data for read-cache@https://registry.npmjs.org/read-cache/-/read-cache-1.0.0.tgz. Extracting by manifest.
1483 silly tarball no local data for is-extglob@https://registry.npmjs.org/is-extglob/-/is-extglob-2.1.1.tgz. Extracting by manifest.
1484 silly tarball no local data for to-regex-range@https://registry.npmjs.org/to-regex-range/-/to-regex-range-5.0.1.tgz. Extracting by manifest.
1485 silly tarball no local data for binary-extensions@https://registry.npmjs.org/binary-extensions/-/binary-extensions-2.3.0.tgz. Extracting by manifest.
1486 silly tarball no local data for camelcase-css@https://registry.npmjs.org/camelcase-css/-/camelcase-css-2.0.1.tgz. Extracting by manifest.
1487 silly tarball no local data for reusify@https://registry.npmjs.org/reusify/-/reusify-1.1.0.tgz. Extracting by manifest.
1488 silly tarball no local data for @nodelib/fs.scandir@https://registry.npmjs.org/@nodelib/fs.scandir/-/fs.scandir-2.1.5.tgz. Extracting by manifest.
1489 silly tarball no local data for fastq@https://registry.npmjs.org/fastq/-/fastq-1.20.1.tgz. Extracting by manifest.
1490 silly tarball no local data for merge2@https://registry.npmjs.org/merge2/-/merge2-1.4.1.tgz. Extracting by manifest.
1491 silly tarball no local data for run-parallel@https://registry.npmjs.org/run-parallel/-/run-parallel-1.2.0.tgz. Extracting by manifest.
1492 silly tarball no local data for @nodelib/fs.walk@https://registry.npmjs.org/@nodelib/fs.walk/-/fs.walk-1.2.8.tgz. Extracting by manifest.
1493 silly tarball no local data for @nodelib/fs.stat@https://registry.npmjs.org/@nodelib/fs.stat/-/fs.stat-2.0.5.tgz. Extracting by manifest.
1494 silly tarball no local data for fill-range@https://registry.npmjs.org/fill-range/-/fill-range-7.1.1.tgz. Extracting by manifest.
1495 silly tarball no local data for picomatch@https://registry.npmjs.org/picomatch/-/picomatch-2.3.1.tgz. Extracting by manifest.
1496 silly tarball no local data for readdirp@https://registry.npmjs.org/readdirp/-/readdirp-3.6.0.tgz. Extracting by manifest.
1497 silly tarball no local data for braces@https://registry.npmjs.org/braces/-/braces-3.0.3.tgz. Extracting by manifest.
1498 silly tarball no local data for is-binary-path@https://registry.npmjs.org/is-binary-path/-/is-binary-path-2.1.0.tgz. Extracting by manifest.
1499 silly tarball no local data for anymatch@https://registry.npmjs.org/anymatch/-/anymatch-3.1.3.tgz. Extracting by manifest.
1500 silly tarball no local data for sucrase@https://registry.npmjs.org/sucrase/-/sucrase-3.35.1.tgz. Extracting by manifest.
1501 silly tarball no local data for postcss-selector-parser@https://registry.npmjs.org/postcss-selector-parser/-/postcss-selector-parser-6.1.2.tgz. Extracting by manifest.
1502 silly tarball no local data for resolve@https://registry.npmjs.org/resolve/-/resolve-1.22.11.tgz. Extracting by manifest.
1503 silly tarball no local data for postcss-nested@https://registry.npmjs.org/postcss-nested/-/postcss-nested-6.2.0.tgz. Extracting by manifest.
1504 silly tarball no local data for postcss-load-config@https://registry.npmjs.org/postcss-load-config/-/postcss-load-config-6.0.1.tgz. Extracting by manifest.
1505 silly tarball no local data for object-hash@https://registry.npmjs.org/object-hash/-/object-hash-3.0.0.tgz. Extracting by manifest.
1506 silly tarball no local data for postcss-import@https://registry.npmjs.org/postcss-import/-/postcss-import-15.1.0.tgz. Extracting by manifest.
1507 silly tarball no local data for postcss-js@https://registry.npmjs.org/postcss-js/-/postcss-js-4.1.0.tgz. Extracting by manifest.
1508 silly tarball no local data for normalize-path@https://registry.npmjs.org/normalize-path/-/normalize-path-3.0.0.tgz. Extracting by manifest.
1509 silly tarball no local data for lilconfig@https://registry.npmjs.org/lilconfig/-/lilconfig-3.1.3.tgz. Extracting by manifest.
1510 silly tarball no local data for micromatch@https://registry.npmjs.org/micromatch/-/micromatch-4.0.8.tgz. Extracting by manifest.
1511 silly tarball no local data for jiti@https://registry.npmjs.org/jiti/-/jiti-1.21.7.tgz. Extracting by manifest.
1512 silly tarball no local data for fast-glob@https://registry.npmjs.org/fast-glob/-/fast-glob-3.3.3.tgz. Extracting by manifest.
1513 silly tarball no local data for glob-parent@https://registry.npmjs.org/glob-parent/-/glob-parent-6.0.2.tgz. Extracting by manifest.
1514 silly tarball no local data for @alloc/quick-lru@https://registry.npmjs.org/@alloc/quick-lru/-/quick-lru-5.2.0.tgz. Extracting by manifest.
1515 silly tarball no local data for didyoumean@https://registry.npmjs.org/didyoumean/-/didyoumean-1.2.2.tgz. Extracting by manifest.
1516 silly tarball no local data for is-glob@https://registry.npmjs.org/is-glob/-/is-glob-4.0.3.tgz. Extracting by manifest.
1517 silly tarball no local data for dlv@https://registry.npmjs.org/dlv/-/dlv-1.1.3.tgz. Extracting by manifest.
1518 silly tarball no local data for chokidar@https://registry.npmjs.org/chokidar/-/chokidar-3.6.0.tgz. Extracting by manifest.
1519 silly tarball no local data for arg@https://registry.npmjs.org/arg/-/arg-5.0.2.tgz. Extracting by manifest.
1520 silly tarball no local data for xmlhttprequest-ssl@https://registry.npmjs.org/xmlhttprequest-ssl/-/xmlhttprequest-ssl-2.1.2.tgz. Extracting by manifest.
1521 silly tarball no local data for engine.io-parser@https://registry.npmjs.org/engine.io-parser/-/engine.io-parser-5.2.3.tgz. Extracting by manifest.
1522 silly tarball no local data for socket.io-parser@https://registry.npmjs.org/socket.io-parser/-/socket.io-parser-4.2.5.tgz. Extracting by manifest.
1523 silly tarball no local data for engine.io-client@https://registry.npmjs.org/engine.io-client/-/engine.io-client-6.6.4.tgz. Extracting by manifest.
1524 silly tarball no local data for @socket.io/component-emitter@https://registry.npmjs.org/@socket.io/component-emitter/-/component-emitter-3.1.2.tgz. Extracting by manifest.
1525 silly tarball no local data for ws@https://registry.npmjs.org/ws/-/ws-8.18.3.tgz. Extracting by manifest.
1526 silly tarball no local data for react-router@https://registry.npmjs.org/react-router/-/react-router-6.30.2.tgz. Extracting by manifest.
1527 silly tarball no local data for @remix-run/router@https://registry.npmjs.org/@remix-run/router/-/router-1.23.1.tgz. Extracting by manifest.
1528 silly tarball no local data for scheduler@https://registry.npmjs.org/scheduler/-/scheduler-0.23.2.tgz. Extracting by manifest.
1529 silly tarball no local data for source-map-js@https://registry.npmjs.org/source-map-js/-/source-map-js-1.2.1.tgz. Extracting by manifest.
1530 silly tarball no local data for nanoid@https://registry.npmjs.org/nanoid/-/nanoid-3.3.11.tgz. Extracting by manifest.
1531 silly tarball no local data for loose-envify@https://registry.npmjs.org/loose-envify/-/loose-envify-1.4.0.tgz. Extracting by manifest.
1532 silly tarball no local data for yallist@https://registry.npmjs.org/yallist/-/yallist-3.1.1.tgz. Extracting by manifest.
1533 silly tarball no local data for mime-db@https://registry.npmjs.org/mime-db/-/mime-db-1.52.0.tgz. Extracting by manifest.
1534 silly tarball no local data for dunder-proto@https://registry.npmjs.org/dunder-proto/-/dunder-proto-1.0.1.tgz. Extracting by manifest.
1535 silly tarball no local data for gopd@https://registry.npmjs.org/gopd/-/gopd-1.2.0.tgz. Extracting by manifest.
1536 silly tarball no local data for math-intrinsics@https://registry.npmjs.org/math-intrinsics/-/math-intrinsics-1.1.0.tgz. Extracting by manifest.
1537 silly tarball no local data for has-symbols@https://registry.npmjs.org/has-symbols/-/has-symbols-1.1.0.tgz. Extracting by manifest.
1538 silly tarball no local data for get-proto@https://registry.npmjs.org/get-proto/-/get-proto-1.0.1.tgz. Extracting by manifest.
1539 silly tarball no local data for function-bind@https://registry.npmjs.org/function-bind/-/function-bind-1.1.2.tgz. Extracting by manifest.
1540 silly tarball no local data for es-object-atoms@https://registry.npmjs.org/es-object-atoms/-/es-object-atoms-1.1.1.tgz. Extracting by manifest.
1541 silly tarball no local data for get-intrinsic@https://registry.npmjs.org/get-intrinsic/-/get-intrinsic-1.3.0.tgz. Extracting by manifest.
1542 silly tarball no local data for es-define-property@https://registry.npmjs.org/es-define-property/-/es-define-property-1.0.1.tgz. Extracting by manifest.
1543 silly tarball no local data for has-tostringtag@https://registry.npmjs.org/has-tostringtag/-/has-tostringtag-1.0.2.tgz. Extracting by manifest.
1544 silly tarball no local data for call-bind-apply-helpers@https://registry.npmjs.org/call-bind-apply-helpers/-/call-bind-apply-helpers-1.0.2.tgz. Extracting by manifest.
1545 silly tarball no local data for es-errors@https://registry.npmjs.org/es-errors/-/es-errors-1.3.0.tgz. Extracting by manifest.
1546 silly tarball no local data for delayed-stream@https://registry.npmjs.org/delayed-stream/-/delayed-stream-1.0.0.tgz. Extracting by manifest.
1547 silly tarball no local data for mime-types@https://registry.npmjs.org/mime-types/-/mime-types-2.1.35.tgz. Extracting by manifest.
1548 silly tarball no local data for hasown@https://registry.npmjs.org/hasown/-/hasown-2.0.2.tgz. Extracting by manifest.
1549 silly tarball no local data for es-set-tostringtag@https://registry.npmjs.org/es-set-tostringtag/-/es-set-tostringtag-2.1.0.tgz. Extracting by manifest.
1550 silly tarball no local data for combined-stream@https://registry.npmjs.org/combined-stream/-/combined-stream-1.0.8.tgz. Extracting by manifest.
1551 silly tarball no local data for ms@https://registry.npmjs.org/ms/-/ms-2.1.3.tgz. Extracting by manifest.
1552 silly tarball no local data for update-browserslist-db@https://registry.npmjs.org/update-browserslist-db/-/update-browserslist-db-1.2.3.tgz. Extracting by manifest.
1553 silly tarball no local data for asynckit@https://registry.npmjs.org/asynckit/-/asynckit-0.4.0.tgz. Extracting by manifest.
1554 silly tarball no local data for node-releases@https://registry.npmjs.org/node-releases/-/node-releases-2.0.27.tgz. Extracting by manifest.
1555 silly tarball no local data for electron-to-chromium@https://registry.npmjs.org/electron-to-chromium/-/electron-to-chromium-1.5.267.tgz. Extracting by manifest.
1556 silly tarball no local data for baseline-browser-mapping@https://registry.npmjs.org/baseline-browser-mapping/-/baseline-browser-mapping-2.9.11.tgz. Extracting by manifest.
1557 silly tarball no local data for follow-redirects@https://registry.npmjs.org/follow-redirects/-/follow-redirects-1.15.11.tgz. Extracting by manifest.
1558 silly tarball no local data for form-data@https://registry.npmjs.org/form-data/-/form-data-4.0.5.tgz. Extracting by manifest.
1559 silly tarball no local data for postcss-value-parser@https://registry.npmjs.org/postcss-value-parser/-/postcss-value-parser-4.2.0.tgz. Extracting by manifest.
1560 silly tarball no local data for proxy-from-env@https://registry.npmjs.org/proxy-from-env/-/proxy-from-env-1.1.0.tgz. Extracting by manifest.
1561 silly tarball no local data for fraction.js@https://registry.npmjs.org/fraction.js/-/fraction.js-5.3.4.tgz. Extracting by manifest.
1562 silly tarball no local data for caniuse-lite@https://registry.npmjs.org/caniuse-lite/-/caniuse-lite-1.0.30001762.tgz. Extracting by manifest.
1563 silly tarball no local data for @types/babel__traverse@https://registry.npmjs.org/@types/babel__traverse/-/babel__traverse-7.28.0.tgz. Extracting by manifest.
1564 silly tarball no local data for @types/babel__template@https://registry.npmjs.org/@types/babel__template/-/babel__template-7.4.4.tgz. Extracting by manifest.
1565 silly tarball no local data for @types/babel__generator@https://registry.npmjs.org/@types/babel__generator/-/babel__generator-7.27.0.tgz. Extracting by manifest.
1566 silly tarball no local data for @jridgewell/resolve-uri@https://registry.npmjs.org/@jridgewell/resolve-uri/-/resolve-uri-3.1.2.tgz. Extracting by manifest.
1567 silly tarball no local data for @babel/helper-string-parser@https://registry.npmjs.org/@babel/helper-string-parser/-/helper-string-parser-7.27.1.tgz. Extracting by manifest.
1568 silly tarball no local data for @jridgewell/sourcemap-codec@https://registry.npmjs.org/@jridgewell/sourcemap-codec/-/sourcemap-codec-1.5.5.tgz. Extracting by manifest.
1569 silly tarball no local data for @babel/helper-globals@https://registry.npmjs.org/@babel/helper-globals/-/helper-globals-7.28.0.tgz. Extracting by manifest.
1570 silly tarball no local data for @babel/helper-module-imports@https://registry.npmjs.org/@babel/helper-module-imports/-/helper-module-imports-7.27.1.tgz. Extracting by manifest.
1571 silly tarball no local data for @babel/helper-plugin-utils@https://registry.npmjs.org/@babel/helper-plugin-utils/-/helper-plugin-utils-7.27.1.tgz. Extracting by manifest.
1572 silly tarball no local data for browserslist@https://registry.npmjs.org/browserslist/-/browserslist-4.28.1.tgz. Extracting by manifest.
1573 silly tarball no local data for lru-cache@https://registry.npmjs.org/lru-cache/-/lru-cache-5.1.1.tgz. Extracting by manifest.
1574 silly tarball no local data for @babel/compat-data@https://registry.npmjs.org/@babel/compat-data/-/compat-data-7.28.5.tgz. Extracting by manifest.
1575 silly tarball no local data for @babel/helper-validator-option@https://registry.npmjs.org/@babel/helper-validator-option/-/helper-validator-option-7.27.1.tgz. Extracting by manifest.
1576 silly tarball no local data for jsesc@https://registry.npmjs.org/jsesc/-/jsesc-3.1.0.tgz. Extracting by manifest.
1577 silly tarball no local data for @jridgewell/trace-mapping@https://registry.npmjs.org/@jridgewell/trace-mapping/-/trace-mapping-0.3.31.tgz. Extracting by manifest.
1578 silly tarball no local data for @jridgewell/gen-mapping@https://registry.npmjs.org/@jridgewell/gen-mapping/-/gen-mapping-0.3.13.tgz. Extracting by manifest.
1579 silly tarball no local data for @babel/helper-validator-identifier@https://registry.npmjs.org/@babel/helper-validator-identifier/-/helper-validator-identifier-7.28.5.tgz. Extracting by manifest.
1580 silly tarball no local data for js-tokens@https://registry.npmjs.org/js-tokens/-/js-tokens-4.0.0.tgz. Extracting by manifest.
1581 silly tarball no local data for picocolors@https://registry.npmjs.org/picocolors/-/picocolors-1.1.1.tgz. Extracting by manifest.
1582 silly tarball no local data for semver@https://registry.npmjs.org/semver/-/semver-6.3.1.tgz. Extracting by manifest.
1583 silly tarball no local data for json5@https://registry.npmjs.org/json5/-/json5-2.2.3.tgz. Extracting by manifest.
1584 silly tarball no local data for gensync@https://registry.npmjs.org/gensync/-/gensync-1.0.0-beta.2.tgz. Extracting by manifest.
1585 silly tarball no local data for debug@https://registry.npmjs.org/debug/-/debug-4.4.3.tgz. Extracting by manifest.
1586 silly tarball no local data for convert-source-map@https://registry.npmjs.org/convert-source-map/-/convert-source-map-2.0.0.tgz. Extracting by manifest.
1587 silly tarball no local data for @jridgewell/remapping@https://registry.npmjs.org/@jridgewell/remapping/-/remapping-2.3.5.tgz. Extracting by manifest.
1588 silly tarball no local data for @babel/types@https://registry.npmjs.org/@babel/types/-/types-7.28.5.tgz. Extracting by manifest.
1589 silly tarball no local data for @babel/traverse@https://registry.npmjs.org/@babel/traverse/-/traverse-7.28.5.tgz. Extracting by manifest.
1590 silly tarball no local data for @babel/template@https://registry.npmjs.org/@babel/template/-/template-7.27.2.tgz. Extracting by manifest.
1591 silly tarball no local data for @babel/parser@https://registry.npmjs.org/@babel/parser/-/parser-7.28.5.tgz. Extracting by manifest.
1592 silly tarball no local data for @babel/helpers@https://registry.npmjs.org/@babel/helpers/-/helpers-7.28.4.tgz. Extracting by manifest.
1593 silly tarball no local data for @babel/helper-module-transforms@https://registry.npmjs.org/@babel/helper-module-transforms/-/helper-module-transforms-7.28.3.tgz. Extracting by manifest.
1594 silly tarball no local data for @babel/helper-compilation-targets@https://registry.npmjs.org/@babel/helper-compilation-targets/-/helper-compilation-targets-7.27.2.tgz. Extracting by manifest.
1595 silly tarball no local data for @babel/generator@https://registry.npmjs.org/@babel/generator/-/generator-7.28.5.tgz. Extracting by manifest.
1596 silly tarball no local data for react-refresh@https://registry.npmjs.org/react-refresh/-/react-refresh-0.17.0.tgz. Extracting by manifest.
1597 silly tarball no local data for @babel/code-frame@https://registry.npmjs.org/@babel/code-frame/-/code-frame-7.27.1.tgz. Extracting by manifest.
1598 silly tarball no local data for @types/babel__core@https://registry.npmjs.org/@types/babel__core/-/babel__core-7.20.5.tgz. Extracting by manifest.
1599 silly tarball no local data for @babel/plugin-transform-react-jsx-source@https://registry.npmjs.org/@babel/plugin-transform-react-jsx-source/-/plugin-transform-react-jsx-source-7.27.1.tgz. Extracting by manifest.
1600 silly tarball no local data for @rolldown/pluginutils@https://registry.npmjs.org/@rolldown/pluginutils/-/pluginutils-1.0.0-beta.27.tgz. Extracting by manifest.
1601 silly tarball no local data for @babel/plugin-transform-react-jsx-self@https://registry.npmjs.org/@babel/plugin-transform-react-jsx-self/-/plugin-transform-react-jsx-self-7.27.1.tgz. Extracting by manifest.
1602 silly tarball no local data for @babel/core@https://registry.npmjs.org/@babel/core/-/core-7.28.5.tgz. Extracting by manifest.
1603 silly tarball no local data for @types/prop-types@https://registry.npmjs.org/@types/prop-types/-/prop-types-15.7.15.tgz. Extracting by manifest.
1604 silly tarball no local data for socket.io-client@https://registry.npmjs.org/socket.io-client/-/socket.io-client-4.8.3.tgz. Extracting by manifest.
1605 silly tarball no local data for tailwindcss@https://registry.npmjs.org/tailwindcss/-/tailwindcss-3.4.19.tgz. Extracting by manifest.
1606 silly tarball no local data for react-router-dom@https://registry.npmjs.org/react-router-dom/-/react-router-dom-6.30.2.tgz. Extracting by manifest.
1607 silly tarball no local data for csstype@https://registry.npmjs.org/csstype/-/csstype-3.2.3.tgz. Extracting by manifest.
1608 silly tarball no local data for react-dom@https://registry.npmjs.org/react-dom/-/react-dom-18.3.1.tgz. Extracting by manifest.
1609 silly tarball no local data for axios@https://registry.npmjs.org/axios/-/axios-1.13.2.tgz. Extracting by manifest.
1610 silly tarball no local data for react@https://registry.npmjs.org/react/-/react-18.3.1.tgz. Extracting by manifest.
1611 silly tarball no local data for postcss@https://registry.npmjs.org/postcss/-/postcss-8.5.6.tgz. Extracting by manifest.
1612 silly tarball no local data for autoprefixer@https://registry.npmjs.org/autoprefixer/-/autoprefixer-10.4.23.tgz. Extracting by manifest.
1613 silly tarball no local data for @vitejs/plugin-react@https://registry.npmjs.org/@vitejs/plugin-react/-/plugin-react-4.7.0.tgz. Extracting by manifest.
1614 silly tarball no local data for vite@https://registry.npmjs.org/vite/-/vite-5.4.21.tgz. Extracting by manifest.
1615 silly tarball no local data for picomatch@https://registry.npmjs.org/picomatch/-/picomatch-4.0.3.tgz. Extracting by manifest.
1616 silly tarball no local data for @types/react-dom@https://registry.npmjs.org/@types/react-dom/-/react-dom-18.3.7.tgz. Extracting by manifest.
1617 silly tarball no local data for fdir@https://registry.npmjs.org/fdir/-/fdir-6.5.0.tgz. Extracting by manifest.
1618 silly tarball no local data for @types/react@https://registry.npmjs.org/@types/react/-/react-18.3.27.tgz. Extracting by manifest.
1619 silly tarball no local data for glob-parent@https://registry.npmjs.org/glob-parent/-/glob-parent-5.1.2.tgz. Extracting by manifest.
1620 silly tarball no local data for glob-parent@https://registry.npmjs.org/glob-parent/-/glob-parent-5.1.2.tgz. Extracting by manifest.
1621 http fetch POST 200 https://registry.npmjs.org/-/npm/v1/security/advisories/bulk 397ms
1622 silly audit report {
1622 silly audit report   esbuild: [
1622 silly audit report     {
1622 silly audit report       id: 1102341,
1622 silly audit report       url: 'https://github.com/advisories/GHSA-67mh-4wv8-2f99',
1622 silly audit report       title: 'esbuild enables any website to send any requests to the development server and read the response',
1622 silly audit report       severity: 'moderate',
1622 silly audit report       vulnerable_versions: '<=0.24.2',
1622 silly audit report       cwe: [Array],
1622 silly audit report       cvss: [Object]
1622 silly audit report     }
1622 silly audit report   ]
1622 silly audit report }
1623 silly packumentCache corgi:https://registry.npmjs.org/esbuild cache-miss
1624 http fetch GET 200 https://registry.npmjs.org/pirates/-/pirates-4.0.7.tgz 291ms (cache miss)
1625 http fetch GET 200 https://registry.npmjs.org/esbuild/-/esbuild-0.21.5.tgz 302ms (cache miss)
1626 http fetch GET 200 https://registry.npmjs.org/commander/-/commander-4.1.1.tgz 303ms (cache miss)
1627 http fetch GET 200 https://registry.npmjs.org/lines-and-columns/-/lines-and-columns-1.2.4.tgz 307ms (cache miss)
1628 http fetch GET 200 https://registry.npmjs.org/object-assign/-/object-assign-4.1.1.tgz 362ms (cache miss)
1629 http fetch GET 200 https://registry.npmjs.org/mz/-/mz-2.7.0.tgz 360ms (cache miss)
1630 http fetch GET 200 https://registry.npmjs.org/thenify-all/-/thenify-all-1.6.0.tgz 369ms (cache miss)
1631 http fetch GET 200 https://registry.npmjs.org/queue-microtask/-/queue-microtask-1.2.3.tgz 370ms (cache miss)
1632 http fetch GET 200 https://registry.npmjs.org/thenify/-/thenify-3.3.1.tgz 381ms (cache miss)
1633 http fetch GET 200 https://registry.npmjs.org/path-parse/-/path-parse-1.0.7.tgz 374ms (cache miss)
1634 http fetch GET 200 https://registry.npmjs.org/is-number/-/is-number-7.0.0.tgz 385ms (cache miss)
1635 http fetch GET 200 https://registry.npmjs.org/tinyglobby/-/tinyglobby-0.2.15.tgz 385ms (cache miss)
1636 http fetch GET 200 https://registry.npmjs.org/escalade/-/escalade-3.2.0.tgz 420ms (cache miss)
1637 http fetch GET 200 https://registry.npmjs.org/util-deprecate/-/util-deprecate-1.0.2.tgz 430ms (cache miss)
1638 http fetch GET 200 https://registry.npmjs.org/cssesc/-/cssesc-3.0.0.tgz 431ms (cache miss)
1639 http fetch GET 200 https://registry.npmjs.org/pify/-/pify-2.3.0.tgz 436ms (cache miss)
1640 http fetch GET 200 https://registry.npmjs.org/to-regex-range/-/to-regex-range-5.0.1.tgz 451ms (cache miss)
1641 http fetch GET 200 https://registry.npmjs.org/is-extglob/-/is-extglob-2.1.1.tgz 455ms (cache miss)
1642 http fetch GET 200 https://registry.npmjs.org/read-cache/-/read-cache-1.0.0.tgz 463ms (cache miss)
1643 http fetch GET 200 https://registry.npmjs.org/fastq/-/fastq-1.20.1.tgz 454ms (cache miss)
1644 http fetch GET 200 https://registry.npmjs.org/camelcase-css/-/camelcase-css-2.0.1.tgz 460ms (cache miss)
1645 http fetch GET 200 https://registry.npmjs.org/supports-preserve-symlinks-flag/-/supports-preserve-symlinks-flag-1.0.0.tgz 497ms (cache miss)
1646 http fetch GET 200 https://registry.npmjs.org/run-parallel/-/run-parallel-1.2.0.tgz 539ms (cache miss)
1647 http fetch GET 200 https://registry.npmjs.org/is-core-module/-/is-core-module-2.16.1.tgz 565ms (cache miss)
1648 http fetch GET 200 https://registry.npmjs.org/binary-extensions/-/binary-extensions-2.3.0.tgz 569ms (cache miss)
1649 http fetch GET 200 https://registry.npmjs.org/ts-interface-checker/-/ts-interface-checker-0.1.13.tgz 580ms (cache miss)
1650 http fetch GET 200 https://registry.npmjs.org/merge2/-/merge2-1.4.1.tgz 582ms (cache miss)
1651 http fetch GET 200 https://registry.npmjs.org/is-binary-path/-/is-binary-path-2.1.0.tgz 575ms (cache miss)
1652 http fetch GET 200 https://registry.npmjs.org/anymatch/-/anymatch-3.1.3.tgz 573ms (cache miss)
1653 http fetch GET 200 https://registry.npmjs.org/fill-range/-/fill-range-7.1.1.tgz 592ms (cache miss)
1654 http fetch GET 200 https://registry.npmjs.org/readdirp/-/readdirp-3.6.0.tgz 616ms (cache miss)
1655 http fetch GET 200 https://registry.npmjs.org/reusify/-/reusify-1.1.0.tgz 659ms (cache miss)
1656 http fetch GET 200 https://registry.npmjs.org/normalize-path/-/normalize-path-3.0.0.tgz 658ms (cache miss)
1657 http fetch GET 200 https://registry.npmjs.org/postcss-nested/-/postcss-nested-6.2.0.tgz 664ms (cache miss)
1658 http fetch GET 200 https://registry.npmjs.org/braces/-/braces-3.0.3.tgz 679ms (cache miss)
1659 http fetch GET 200 https://registry.npmjs.org/object-hash/-/object-hash-3.0.0.tgz 684ms (cache miss)
1660 http fetch GET 200 https://registry.npmjs.org/glob-parent/-/glob-parent-6.0.2.tgz 1018ms (cache miss)
1661 http fetch GET 200 https://registry.npmjs.org/postcss-js/-/postcss-js-4.1.0.tgz 1070ms (cache miss)
1662 http fetch GET 200 https://registry.npmjs.org/lilconfig/-/lilconfig-3.1.3.tgz 1069ms (cache miss)
1663 http fetch GET 200 https://registry.npmjs.org/micromatch/-/micromatch-4.0.8.tgz 1073ms (cache miss)
1664 http fetch GET 200 https://registry.npmjs.org/didyoumean/-/didyoumean-1.2.2.tgz 1100ms (cache miss)
1665 http fetch GET 200 https://registry.npmjs.org/is-glob/-/is-glob-4.0.3.tgz 1106ms (cache miss)
1666 http fetch GET 200 https://registry.npmjs.org/picomatch/-/picomatch-2.3.1.tgz 1130ms (cache miss)
1667 http fetch GET 200 https://registry.npmjs.org/postcss-load-config/-/postcss-load-config-6.0.1.tgz 1153ms (cache miss)
1668 http fetch GET 200 https://registry.npmjs.org/socket.io-parser/-/socket.io-parser-4.2.5.tgz 1144ms (cache miss)
1669 http fetch GET 200 https://registry.npmjs.org/arg/-/arg-5.0.2.tgz 1145ms (cache miss)
1670 http fetch GET 200 https://registry.npmjs.org/gopd/-/gopd-1.2.0.tgz 1147ms (cache miss)
1671 http fetch GET 200 https://registry.npmjs.org/math-intrinsics/-/math-intrinsics-1.1.0.tgz 1146ms (cache miss)
1672 http fetch GET 200 https://registry.npmjs.org/mime-types/-/mime-types-2.1.35.tgz 1140ms (cache miss)
1673 http fetch GET 200 https://registry.npmjs.org/call-bind-apply-helpers/-/call-bind-apply-helpers-1.0.2.tgz 1145ms (cache miss)
1674 http fetch GET 200 https://registry.npmjs.org/asynckit/-/asynckit-0.4.0.tgz 1141ms (cache miss)
1675 http fetch GET 200 https://registry.npmjs.org/function-bind/-/function-bind-1.1.2.tgz 1150ms (cache miss)
1676 http fetch GET 200 https://registry.npmjs.org/node-releases/-/node-releases-2.0.27.tgz 1143ms (cache miss)
1677 http fetch GET 200 https://registry.npmjs.org/ms/-/ms-2.1.3.tgz 1145ms (cache miss)
1678 http fetch GET 200 https://registry.npmjs.org/has-tostringtag/-/has-tostringtag-1.0.2.tgz 1149ms (cache miss)
1679 http fetch GET 200 https://registry.npmjs.org/@nodelib/fs.walk/-/fs.walk-1.2.8.tgz 1203ms (cache miss)
1680 http fetch GET 200 https://registry.npmjs.org/loose-envify/-/loose-envify-1.4.0.tgz 1171ms (cache miss)
1681 http fetch GET 200 https://registry.npmjs.org/delayed-stream/-/delayed-stream-1.0.0.tgz 1162ms (cache miss)
1682 http fetch GET 200 https://registry.npmjs.org/update-browserslist-db/-/update-browserslist-db-1.2.3.tgz 1159ms (cache miss)
1683 http fetch GET 200 https://registry.npmjs.org/@types/estree/-/estree-1.0.8.tgz 1244ms (cache miss)
1684 http fetch GET 200 https://registry.npmjs.org/yallist/-/yallist-3.1.1.tgz 1178ms (cache miss)
1685 http fetch GET 200 https://registry.npmjs.org/has-symbols/-/has-symbols-1.1.0.tgz 1181ms (cache miss)
1686 http fetch GET 200 https://registry.npmjs.org/@socket.io/component-emitter/-/component-emitter-3.1.2.tgz 1192ms (cache miss)
1687 http fetch GET 200 https://registry.npmjs.org/any-promise/-/any-promise-1.3.0.tgz 1259ms (cache miss)
1688 http fetch GET 200 https://registry.npmjs.org/combined-stream/-/combined-stream-1.0.8.tgz 1192ms (cache miss)
1689 http fetch GET 200 https://registry.npmjs.org/rollup/-/rollup-4.54.0.tgz 1286ms (cache miss)
1690 http fetch GET 200 https://registry.npmjs.org/chokidar/-/chokidar-3.6.0.tgz 1275ms (cache miss)
1691 http fetch GET 200 https://registry.npmjs.org/follow-redirects/-/follow-redirects-1.15.11.tgz 1261ms (cache miss)
1692 http fetch GET 200 https://registry.npmjs.org/@alloc/quick-lru/-/quick-lru-5.2.0.tgz 1302ms (cache miss)
1693 http fetch GET 200 https://registry.npmjs.org/xmlhttprequest-ssl/-/xmlhttprequest-ssl-2.1.2.tgz 1301ms (cache miss)
1694 http fetch GET 200 https://registry.npmjs.org/jsesc/-/jsesc-3.1.0.tgz 1303ms (cache miss)
1695 http fetch GET 200 https://registry.npmjs.org/get-intrinsic/-/get-intrinsic-1.3.0.tgz 1328ms (cache miss)
1696 http fetch GET 200 https://registry.npmjs.org/mime-db/-/mime-db-1.52.0.tgz 1335ms (cache miss)
1697 http fetch GET 200 https://registry.npmjs.org/hasown/-/hasown-2.0.2.tgz 1327ms (cache miss)
1698 http fetch GET 200 https://registry.npmjs.org/proxy-from-env/-/proxy-from-env-1.1.0.tgz 1325ms (cache miss)
1699 http fetch GET 200 https://registry.npmjs.org/dlv/-/dlv-1.1.3.tgz 1354ms (cache miss)
1700 http fetch GET 200 https://registry.npmjs.org/es-define-property/-/es-define-property-1.0.1.tgz 1348ms (cache miss)
1701 http fetch GET 200 https://registry.npmjs.org/lru-cache/-/lru-cache-5.1.1.tgz 1335ms (cache miss)
1702 http fetch GET 200 https://registry.npmjs.org/postcss-import/-/postcss-import-15.1.0.tgz 1382ms (cache miss)
1703 http fetch GET 200 https://registry.npmjs.org/@nodelib/fs.stat/-/fs.stat-2.0.5.tgz 1400ms (cache miss)
1704 http fetch GET 200 https://registry.npmjs.org/form-data/-/form-data-4.0.5.tgz 1355ms (cache miss)
1705 http fetch GET 200 https://registry.npmjs.org/es-set-tostringtag/-/es-set-tostringtag-2.1.0.tgz 1360ms (cache miss)
1706 http fetch GET 200 https://registry.npmjs.org/@jridgewell/resolve-uri/-/resolve-uri-3.1.2.tgz 1381ms (cache miss)
1707 http fetch GET 200 https://registry.npmjs.org/baseline-browser-mapping/-/baseline-browser-mapping-2.9.11.tgz 1392ms (cache miss)
1708 http fetch GET 200 https://registry.npmjs.org/picocolors/-/picocolors-1.1.1.tgz 1391ms (cache miss)
1709 http fetch GET 200 https://registry.npmjs.org/@types/babel__traverse/-/babel__traverse-7.28.0.tgz 1412ms (cache miss)
1710 http fetch GET 200 https://registry.npmjs.org/js-tokens/-/js-tokens-4.0.0.tgz 1407ms (cache miss)
1711 http fetch GET 200 https://registry.npmjs.org/get-proto/-/get-proto-1.0.1.tgz 1448ms (cache miss)
1712 http fetch GET 200 https://registry.npmjs.org/browserslist/-/browserslist-4.28.1.tgz 1430ms (cache miss)
1713 http fetch GET 200 https://registry.npmjs.org/electron-to-chromium/-/electron-to-chromium-1.5.267.tgz 1444ms (cache miss)
1714 http fetch GET 200 https://registry.npmjs.org/postcss-value-parser/-/postcss-value-parser-4.2.0.tgz 1449ms (cache miss)
1715 http fetch GET 200 https://registry.npmjs.org/debug/-/debug-4.4.3.tgz 1439ms (cache miss)
1716 http fetch GET 200 https://registry.npmjs.org/es-object-atoms/-/es-object-atoms-1.1.1.tgz 1471ms (cache miss)
1717 http fetch GET 200 https://registry.npmjs.org/dunder-proto/-/dunder-proto-1.0.1.tgz 1481ms (cache miss)
1718 http fetch GET 200 https://registry.npmjs.org/@babel/helper-plugin-utils/-/helper-plugin-utils-7.27.1.tgz 1473ms (cache miss)
1719 http fetch GET 200 https://registry.npmjs.org/gensync/-/gensync-1.0.0-beta.2.tgz 1472ms (cache miss)
1720 http fetch GET 200 https://registry.npmjs.org/@babel/helper-string-parser/-/helper-string-parser-7.27.1.tgz 1483ms (cache miss)
1721 http fetch GET 200 https://registry.npmjs.org/convert-source-map/-/convert-source-map-2.0.0.tgz 1496ms (cache miss)
1722 http fetch GET 200 https://registry.npmjs.org/@babel/helper-globals/-/helper-globals-7.28.0.tgz 1508ms (cache miss)
1723 http fetch GET 200 https://registry.npmjs.org/semver/-/semver-6.3.1.tgz 1516ms (cache miss)
1724 http fetch GET 200 https://registry.npmjs.org/@babel/helper-validator-identifier/-/helper-validator-identifier-7.28.5.tgz 1522ms (cache miss)
1725 http fetch GET 200 https://registry.npmjs.org/@rollup/rollup-win32-x64-gnu/-/rollup-win32-x64-gnu-4.54.0.tgz 1640ms (cache miss)
1726 http fetch GET 200 https://registry.npmjs.org/es-errors/-/es-errors-1.3.0.tgz 1580ms (cache miss)
1727 http fetch GET 200 https://registry.npmjs.org/@babel/compat-data/-/compat-data-7.28.5.tgz 1591ms (cache miss)
1728 http fetch GET 200 https://registry.npmjs.org/scheduler/-/scheduler-0.23.2.tgz 1622ms (cache miss)
1729 http fetch GET 200 https://registry.npmjs.org/source-map-js/-/source-map-js-1.2.1.tgz 1633ms (cache miss)
1730 http fetch GET 200 https://registry.npmjs.org/react-refresh/-/react-refresh-0.17.0.tgz 1598ms (cache miss)
1731 http fetch GET 200 https://registry.npmjs.org/fraction.js/-/fraction.js-5.3.4.tgz 1666ms (cache miss)
1732 http fetch GET 200 https://registry.npmjs.org/@babel/code-frame/-/code-frame-7.27.1.tgz 1650ms (cache miss)
1733 http fetch GET 200 https://registry.npmjs.org/ws/-/ws-8.18.3.tgz 1693ms (cache miss)
1734 http fetch GET 200 https://registry.npmjs.org/nanoid/-/nanoid-3.3.11.tgz 1695ms (cache miss)
1735 http fetch GET 200 https://registry.npmjs.org/@rollup/rollup-win32-x64-msvc/-/rollup-win32-x64-msvc-4.54.0.tgz 1775ms (cache miss)
1736 http fetch GET 200 https://registry.npmjs.org/@nodelib/fs.scandir/-/fs.scandir-2.1.5.tgz 1806ms (cache miss)
1737 http fetch GET 200 https://registry.npmjs.org/json5/-/json5-2.2.3.tgz 1783ms (cache miss)
1738 http fetch GET 200 https://registry.npmjs.org/@babel/template/-/template-7.27.2.tgz 1796ms (cache miss)
1739 http fetch GET 200 https://registry.npmjs.org/jiti/-/jiti-1.21.7.tgz 1867ms (cache miss)
1740 http fetch GET 200 https://registry.npmjs.org/react-router/-/react-router-6.30.2.tgz 1879ms (cache miss)
1741 http fetch GET 200 https://registry.npmjs.org/@jridgewell/sourcemap-codec/-/sourcemap-codec-1.5.5.tgz 1876ms (cache miss)
1742 http fetch GET 200 https://registry.npmjs.org/@types/babel__template/-/babel__template-7.4.4.tgz 1900ms (cache miss)
1743 http fetch GET 200 https://registry.npmjs.org/@types/babel__generator/-/babel__generator-7.27.0.tgz 1903ms (cache miss)
1744 http fetch GET 200 https://registry.npmjs.org/postcss-selector-parser/-/postcss-selector-parser-6.1.2.tgz 2061ms (cache miss)
1745 http fetch GET 200 https://registry.npmjs.org/@babel/parser/-/parser-7.28.5.tgz 2030ms (cache miss)
1746 http fetch GET 200 https://registry.npmjs.org/@babel/plugin-transform-react-jsx-source/-/plugin-transform-react-jsx-source-7.27.1.tgz 2052ms (cache miss)
1747 http fetch GET 200 https://registry.npmjs.org/@babel/helper-validator-option/-/helper-validator-option-7.27.1.tgz 2075ms (cache miss)
1748 http fetch GET 200 https://registry.npmjs.org/engine.io-parser/-/engine.io-parser-5.2.3.tgz 2141ms (cache miss)
1749 http fetch GET 200 https://registry.npmjs.org/glob-parent/-/glob-parent-5.1.2.tgz 2126ms (cache miss)
1750 http fetch GET 200 https://registry.npmjs.org/@jridgewell/gen-mapping/-/gen-mapping-0.3.13.tgz 2167ms (cache miss)
1751 http fetch GET 200 https://registry.npmjs.org/@types/prop-types/-/prop-types-15.7.15.tgz 2158ms (cache miss)
1752 http fetch GET 200 https://registry.npmjs.org/@babel/helper-compilation-targets/-/helper-compilation-targets-7.27.2.tgz 2164ms (cache miss)
1753 http fetch GET 200 https://registry.npmjs.org/fdir/-/fdir-6.5.0.tgz 2154ms (cache miss)
1754 http fetch GET 200 https://registry.npmjs.org/glob-parent/-/glob-parent-5.1.2.tgz 2149ms (cache miss)
1755 http fetch GET 200 https://registry.npmjs.org/@babel/helper-module-imports/-/helper-module-imports-7.27.1.tgz 2218ms (cache miss)
1756 http fetch GET 200 https://registry.npmjs.org/picomatch/-/picomatch-4.0.3.tgz 2212ms (cache miss)
1757 http fetch GET 200 https://registry.npmjs.org/csstype/-/csstype-3.2.3.tgz 2284ms (cache miss)
1758 http fetch GET 200 https://registry.npmjs.org/@jridgewell/remapping/-/remapping-2.3.5.tgz 2335ms (cache miss)
1759 http fetch GET 200 https://registry.npmjs.org/react/-/react-18.3.1.tgz 2359ms (cache miss)
1760 http fetch GET 200 https://registry.npmjs.org/@types/react-dom/-/react-dom-18.3.7.tgz 2377ms (cache miss)
1761 http fetch GET 200 https://registry.npmjs.org/@types/babel__core/-/babel__core-7.20.5.tgz 2503ms (cache miss)
1762 http fetch GET 200 https://registry.npmjs.org/@rolldown/pluginutils/-/pluginutils-1.0.0-beta.27.tgz 2512ms (cache miss)
1763 http fetch GET 200 https://registry.npmjs.org/@remix-run/router/-/router-1.23.1.tgz 2554ms (cache miss)
1764 http fetch GET 200 https://registry.npmjs.org/@babel/plugin-transform-react-jsx-self/-/plugin-transform-react-jsx-self-7.27.1.tgz 2538ms (cache miss)
1765 http fetch GET 200 https://registry.npmjs.org/react-router-dom/-/react-router-dom-6.30.2.tgz 2560ms (cache miss)
1766 http fetch GET 200 https://registry.npmjs.org/@babel/helper-module-transforms/-/helper-module-transforms-7.28.3.tgz 2582ms (cache miss)
1767 http fetch GET 200 https://registry.npmjs.org/fast-glob/-/fast-glob-3.3.3.tgz 2644ms (cache miss)
1768 http fetch GET 200 https://registry.npmjs.org/esbuild 2499ms (cache miss)
1769 silly packumentCache corgi:https://registry.npmjs.org/esbuild set size:undefined disposed:false
1770 silly packumentCache corgi:https://registry.npmjs.org/vite cache-miss
1771 http fetch GET 200 https://registry.npmjs.org/@babel/generator/-/generator-7.28.5.tgz 2867ms (cache miss)
1772 http fetch GET 200 https://registry.npmjs.org/@jridgewell/trace-mapping/-/trace-mapping-0.3.31.tgz 2887ms (cache miss)
1773 http fetch GET 200 https://registry.npmjs.org/postcss/-/postcss-8.5.6.tgz 2896ms (cache miss)
1774 http fetch GET 200 https://registry.npmjs.org/@babel/traverse/-/traverse-7.28.5.tgz 2954ms (cache miss)
1775 http fetch GET 200 https://registry.npmjs.org/@vitejs/plugin-react/-/plugin-react-4.7.0.tgz 2946ms (cache miss)
1776 http fetch GET 200 https://registry.npmjs.org/@esbuild/win32-x64/-/win32-x64-0.21.5.tgz 3098ms (cache miss)
1777 http fetch GET 200 https://registry.npmjs.org/vite/-/vite-5.4.21.tgz 3003ms (cache miss)
1778 http fetch GET 200 https://registry.npmjs.org/@types/react/-/react-18.3.27.tgz 3009ms (cache miss)
1779 http fetch GET 200 https://registry.npmjs.org/socket.io-client/-/socket.io-client-4.8.3.tgz 3058ms (cache miss)
1780 http fetch GET 200 https://registry.npmjs.org/react-dom/-/react-dom-18.3.1.tgz 3062ms (cache miss)
1781 http fetch GET 200 https://registry.npmjs.org/resolve/-/resolve-1.22.11.tgz 3150ms (cache miss)
1782 http fetch GET 200 https://registry.npmjs.org/vite 504ms (cache miss)
1783 silly packumentCache corgi:https://registry.npmjs.org/vite set size:undefined disposed:false
1784 http fetch GET 200 https://registry.npmjs.org/autoprefixer/-/autoprefixer-10.4.23.tgz 3284ms (cache miss)
1785 silly packumentCache corgi:https://registry.npmjs.org/@vitejs%2fplugin-react cache-miss
1786 http fetch GET 200 https://registry.npmjs.org/axios/-/axios-1.13.2.tgz 3558ms (cache miss)
1787 http fetch GET 200 https://registry.npmjs.org/engine.io-client/-/engine.io-client-6.6.4.tgz 3646ms (cache miss)
1788 http fetch GET 200 https://registry.npmjs.org/@babel/core/-/core-7.28.5.tgz 3693ms (cache miss)
1789 http fetch GET 200 https://registry.npmjs.org/sucrase/-/sucrase-3.35.1.tgz 3891ms (cache miss)
1790 http fetch GET 200 https://registry.npmjs.org/@babel/types/-/types-7.28.5.tgz 3837ms (cache miss)
1791 http fetch GET 200 https://registry.npmjs.org/@babel/helpers/-/helpers-7.28.4.tgz 3968ms (cache miss)
1792 http fetch GET 200 https://registry.npmjs.org/tailwindcss/-/tailwindcss-3.4.19.tgz 3966ms (cache miss)
1793 http fetch GET 200 https://registry.npmjs.org/@vitejs%2fplugin-react 709ms (cache miss)
1794 silly packumentCache corgi:https://registry.npmjs.org/@vitejs%2fplugin-react set size:undefined disposed:false
1795 http fetch GET 200 https://registry.npmjs.org/caniuse-lite/-/caniuse-lite-1.0.30001762.tgz 5192ms (cache miss)
1796 info run esbuild@0.21.5 postinstall node_modules/esbuild node install.js
1797 info run esbuild@0.21.5 postinstall { code: 0, signal: null }
1798 silly ADD node_modules/@types/estree
1799 silly ADD node_modules/@rollup/rollup-win32-x64-msvc
1800 silly ADD node_modules/@rollup/rollup-win32-x64-gnu
1801 silly ADD node_modules/@rollup/rollup-win32-ia32-msvc
1802 silly ADD node_modules/@rollup/rollup-win32-arm64-msvc
1803 silly ADD node_modules/@rollup/rollup-openharmony-arm64
1804 silly ADD node_modules/@rollup/rollup-linux-x64-musl
1805 silly ADD node_modules/@rollup/rollup-linux-x64-gnu
1806 silly ADD node_modules/@rollup/rollup-linux-s390x-gnu
1807 silly ADD node_modules/@rollup/rollup-linux-riscv64-musl
1808 silly ADD node_modules/@rollup/rollup-linux-riscv64-gnu
1809 silly ADD node_modules/@rollup/rollup-linux-ppc64-gnu
1810 silly ADD node_modules/@rollup/rollup-linux-loong64-gnu
1811 silly ADD node_modules/@rollup/rollup-linux-arm64-musl
1812 silly ADD node_modules/@rollup/rollup-linux-arm64-gnu
1813 silly ADD node_modules/@rollup/rollup-linux-arm-musleabihf
1814 silly ADD node_modules/@rollup/rollup-linux-arm-gnueabihf
1815 silly ADD node_modules/@rollup/rollup-freebsd-x64
1816 silly ADD node_modules/@rollup/rollup-freebsd-arm64
1817 silly ADD node_modules/@rollup/rollup-darwin-x64
1818 silly ADD node_modules/@rollup/rollup-darwin-arm64
1819 silly ADD node_modules/@rollup/rollup-android-arm64
1820 silly ADD node_modules/@rollup/rollup-android-arm-eabi
1821 silly ADD node_modules/@esbuild/win32-x64
1822 silly ADD node_modules/@esbuild/win32-ia32
1823 silly ADD node_modules/@esbuild/win32-arm64
1824 silly ADD node_modules/@esbuild/sunos-x64
1825 silly ADD node_modules/@esbuild/openbsd-x64
1826 silly ADD node_modules/@esbuild/netbsd-x64
1827 silly ADD node_modules/@esbuild/linux-x64
1828 silly ADD node_modules/@esbuild/linux-s390x
1829 silly ADD node_modules/@esbuild/linux-riscv64
1830 silly ADD node_modules/@esbuild/linux-ppc64
1831 silly ADD node_modules/@esbuild/linux-mips64el
1832 silly ADD node_modules/@esbuild/linux-loong64
1833 silly ADD node_modules/@esbuild/linux-ia32
1834 silly ADD node_modules/@esbuild/linux-arm64
1835 silly ADD node_modules/@esbuild/linux-arm
1836 silly ADD node_modules/@esbuild/freebsd-x64
1837 silly ADD node_modules/@esbuild/freebsd-arm64
1838 silly ADD node_modules/@esbuild/darwin-x64
1839 silly ADD node_modules/@esbuild/darwin-arm64
1840 silly ADD node_modules/@esbuild/android-x64
1841 silly ADD node_modules/@esbuild/android-arm64
1842 silly ADD node_modules/@esbuild/android-arm
1843 silly ADD node_modules/@esbuild/aix-ppc64
1844 silly ADD node_modules/rollup
1845 silly ADD node_modules/esbuild
1846 silly ADD node_modules/escalade
1847 silly ADD node_modules/is-number
1848 silly ADD node_modules/thenify
1849 silly ADD node_modules/thenify-all
1850 silly ADD node_modules/object-assign
1851 silly ADD node_modules/any-promise
1852 silly ADD node_modules/ts-interface-checker
1853 silly ADD node_modules/tinyglobby
1854 silly ADD node_modules/tinyglobby/node_modules/picomatch
1855 silly ADD node_modules/tinyglobby/node_modules/fdir
1856 silly ADD node_modules/pirates
1857 silly ADD node_modules/mz
1858 silly ADD node_modules/lines-and-columns
1859 silly ADD node_modules/commander
1860 silly ADD node_modules/queue-microtask
1861 silly ADD node_modules/supports-preserve-symlinks-flag
1862 silly ADD node_modules/path-parse
1863 silly ADD node_modules/is-core-module
1864 silly ADD node_modules/pify
1865 silly ADD node_modules/util-deprecate
1866 silly ADD node_modules/cssesc
1867 silly ADD node_modules/camelcase-css
1868 silly ADD node_modules/read-cache
1869 silly ADD node_modules/is-extglob
1870 silly ADD node_modules/binary-extensions
1871 silly ADD node_modules/to-regex-range
1872 silly ADD node_modules/reusify
1873 silly ADD node_modules/run-parallel
1874 silly ADD node_modules/fastq
1875 silly ADD node_modules/@nodelib/fs.scandir
1876 silly ADD node_modules/merge2
1877 silly ADD node_modules/@nodelib/fs.walk
1878 silly ADD node_modules/@nodelib/fs.stat
1879 silly ADD node_modules/fill-range
1880 silly ADD node_modules/picomatch
1881 silly ADD node_modules/readdirp
1882 silly ADD node_modules/is-binary-path
1883 silly ADD node_modules/fsevents
1884 silly ADD node_modules/braces
1885 silly ADD node_modules/anymatch
1886 silly ADD node_modules/sucrase
1887 silly ADD node_modules/resolve
1888 silly ADD node_modules/postcss-selector-parser
1889 silly ADD node_modules/postcss-nested
1890 silly ADD node_modules/postcss-load-config
1891 silly ADD node_modules/postcss-js
1892 silly ADD node_modules/postcss-import
1893 silly ADD node_modules/object-hash
1894 silly ADD node_modules/normalize-path
1895 silly ADD node_modules/micromatch
1896 silly ADD node_modules/lilconfig
1897 silly ADD node_modules/jiti
1898 silly ADD node_modules/is-glob
1899 silly ADD node_modules/glob-parent
1900 silly ADD node_modules/fast-glob
1901 silly ADD node_modules/fast-glob/node_modules/glob-parent
1902 silly ADD node_modules/dlv
1903 silly ADD node_modules/didyoumean
1904 silly ADD node_modules/chokidar
1905 silly ADD node_modules/chokidar/node_modules/glob-parent
1906 silly ADD node_modules/arg
1907 silly ADD node_modules/@alloc/quick-lru
1908 silly ADD node_modules/xmlhttprequest-ssl
1909 silly ADD node_modules/ws
1910 silly ADD node_modules/engine.io-parser
1911 silly ADD node_modules/socket.io-parser
1912 silly ADD node_modules/engine.io-client
1913 silly ADD node_modules/@socket.io/component-emitter
1914 silly ADD node_modules/react-router
1915 silly ADD node_modules/@remix-run/router
1916 silly ADD node_modules/scheduler
1917 silly ADD node_modules/loose-envify
1918 silly ADD node_modules/source-map-js
1919 silly ADD node_modules/nanoid
1920 silly ADD node_modules/mime-db
1921 silly ADD node_modules/yallist
1922 silly ADD node_modules/dunder-proto
1923 silly ADD node_modules/math-intrinsics
1924 silly ADD node_modules/has-symbols
1925 silly ADD node_modules/gopd
1926 silly ADD node_modules/get-proto
1927 silly ADD node_modules/function-bind
1928 silly ADD node_modules/es-object-atoms
1929 silly ADD node_modules/es-define-property
1930 silly ADD node_modules/call-bind-apply-helpers
1931 silly ADD node_modules/has-tostringtag
1932 silly ADD node_modules/get-intrinsic
1933 silly ADD node_modules/es-errors
1934 silly ADD node_modules/delayed-stream
1935 silly ADD node_modules/mime-types
1936 silly ADD node_modules/hasown
1937 silly ADD node_modules/es-set-tostringtag
1938 silly ADD node_modules/combined-stream
1939 silly ADD node_modules/asynckit
1940 silly ADD node_modules/ms
1941 silly ADD node_modules/update-browserslist-db
1942 silly ADD node_modules/node-releases
1943 silly ADD node_modules/electron-to-chromium
1944 silly ADD node_modules/baseline-browser-mapping
1945 silly ADD node_modules/proxy-from-env
1946 silly ADD node_modules/form-data
1947 silly ADD node_modules/follow-redirects
1948 silly ADD node_modules/postcss-value-parser
1949 silly ADD node_modules/fraction.js
1950 silly ADD node_modules/caniuse-lite
1951 silly ADD node_modules/@types/babel__traverse
1952 silly ADD node_modules/@types/babel__template
1953 silly ADD node_modules/@types/babel__generator
1954 silly ADD node_modules/@jridgewell/resolve-uri
1955 silly ADD node_modules/@jridgewell/sourcemap-codec
1956 silly ADD node_modules/@babel/helper-string-parser
1957 silly ADD node_modules/@babel/helper-globals
1958 silly ADD node_modules/@babel/helper-plugin-utils
1959 silly ADD node_modules/@babel/helper-module-imports
1960 silly ADD node_modules/lru-cache
1961 silly ADD node_modules/browserslist
1962 silly ADD node_modules/@babel/helper-validator-option
1963 silly ADD node_modules/@babel/compat-data
1964 silly ADD node_modules/jsesc
1965 silly ADD node_modules/@jridgewell/trace-mapping
1966 silly ADD node_modules/@jridgewell/gen-mapping
1967 silly ADD node_modules/picocolors
1968 silly ADD node_modules/js-tokens
1969 silly ADD node_modules/@babel/helper-validator-identifier
1970 silly ADD node_modules/semver
1971 silly ADD node_modules/json5
1972 silly ADD node_modules/gensync
1973 silly ADD node_modules/debug
1974 silly ADD node_modules/convert-source-map
1975 silly ADD node_modules/@jridgewell/remapping
1976 silly ADD node_modules/@babel/types
1977 silly ADD node_modules/@babel/traverse
1978 silly ADD node_modules/@babel/template
1979 silly ADD node_modules/@babel/parser
1980 silly ADD node_modules/@babel/helpers
1981 silly ADD node_modules/@babel/helper-module-transforms
1982 silly ADD node_modules/@babel/helper-compilation-targets
1983 silly ADD node_modules/@babel/generator
1984 silly ADD node_modules/@babel/code-frame
1985 silly ADD node_modules/react-refresh
1986 silly ADD node_modules/@types/babel__core
1987 silly ADD node_modules/@rolldown/pluginutils
1988 silly ADD node_modules/@babel/plugin-transform-react-jsx-source
1989 silly ADD node_modules/@babel/plugin-transform-react-jsx-self
1990 silly ADD node_modules/@babel/core
1991 silly ADD node_modules/csstype
1992 silly ADD node_modules/@types/prop-types
1993 silly ADD node_modules/tailwindcss
1994 silly ADD node_modules/socket.io-client
1995 silly ADD node_modules/react-router-dom
1996 silly ADD node_modules/react-dom
1997 silly ADD node_modules/react
1998 silly ADD node_modules/axios
1999 silly ADD node_modules/postcss
2000 silly ADD node_modules/autoprefixer
2001 silly ADD node_modules/vite
2002 silly ADD node_modules/@vitejs/plugin-react
2003 silly ADD node_modules/@types/react-dom
2004 silly ADD node_modules/@types/react
2005 verbose cwd C:\Users\hp\Desktop\projects\chat-app\frontend
2006 verbose os Windows_NT 10.0.26200
2007 verbose node v22.16.0
2008 verbose npm  v11.6.1
2009 notice
2009 notice New [33mminor[39m version of npm available! [33m11.6.1[39m -> [34m11.7.0[39m
2009 notice Changelog: [34mhttps://github.com/npm/cli/releases/tag/v11.7.0[39m
2009 notice To update run: [4mnpm install -g npm@11.7.0[24m
2009 notice  { force: true, [Symbol(proc-log.meta)]: true }
2010 verbose exit 0
2011 info ok
